X,Y,Yaw
2.56334,0.075654,-102.70548441725556
2.5685685,0.07650850000000001,-102.62797280739869
2.573797,0.077363,-103.1421455030852
2.580391,0.078303,-103.47994151723836
2.583283,0.079266,-103.67288199011712
2.580133,0.080895,-103.68039626952392
2.583813,0.08127,-103.83934792803215
2.5853,0.081991,-103.94342374945988
2.586756,0.082296,-104.06745005373156
2.588194,0.082418,-104.18139570071097
2.586047,0.084319,-104.18875103018163
2.587917,0.084193,-104.220565455992
2.588848,0.084401,-104.25131829013964
2.589414,0.084628,-104.27181586992717
2.589285,0.085204,-104.292762784106
2.587342,0.087237,-104.3004828980118
2.587253,0.087688,-104.33436445151764
2.587214,0.088125,-104.3737951733316
2.585141,0.090323,-104.38149601993022
2.587862,0.088063,-104.58023400058003
2.585843,0.090202,-104.58773971859593
2.587275,0.089481,-104.53581646457653
2.587273,0.08974,-104.5168647863508
2.586428,0.090575,-104.5361005681133
2.584348,0.0928,-104.54401002338815
2.583658,0.093451,-104.59008250712576
2.58286,0.094173,-104.63826376299755
2.582154,0.094733,-104.7080409929177
2.58138,0.095335,-104.779308170071
2.580421,0.096038,-104.85137247376392
2.578002,0.098465,-104.85944788793182
2.576595,0.099426,-104.97129573378533
2.575204,0.100363,-105.07827893015892
2.573936,0.10112,-105.19644638914843
2.571188,0.103716,-105.20469894170928
2.56998,0.104315,-105.329514332069
2.568358,0.105239,-105.47102675726374
2.566767,0.106125,-105.6040710838928
2.565419,0.106715,-105.75030450786718
2.562303,0.109419,-105.75928933712096
2.561573,0.109323,-105.9764239583541
2.560921,0.109345,-106.08081180586557
2.560415,0.109291,-106.17220099534424
2.55979,0.109412,-106.2378076735722
2.559101,0.109745,-106.2555009756003
2.55565,0.112502,-106.2644627662552
2.555133,0.112537,-106.3190160625782
2.554543,0.112688,-106.35658398483702
2.554105,0.112743,-106.39094398572968
2.550513,0.11553,-106.39917756979582
2.550213,0.115479,-106.4269273023416
2.549831,0.115528,-106.44518221340346
2.549142,0.115868,-106.45865128365357
2.547887,0.116484,-106.51522364595144
2.546667,0.117129,-106.55951778988944
2.542896,0.119956,-106.56896828962536
2.54159,0.120638,-106.6157117683032
2.540332,0.121374,-106.64229528435423
2.539996,0.121529,-106.62835155123346
2.539619,0.121751,-106.62134249208373
2.535683,0.12466,-106.63051966012296
2.535097,0.124854,-106.64535001913396
2.534282,0.12531,-106.6402200993757
2.533943,0.1253,-106.66540202559246
2.529859,0.128289,-106.67406269404
2.529189,0.128666,-106.67790395242248
2.528768,0.128714,-106.70889944171464
2.528339,0.128873,-106.7215010963678
2.528482,0.128655,-106.72386254213424
2.528584,0.128543,-106.71007939020976
2.524417,0.131558,-106.7199162397108
2.524914,0.131129,-106.70010550196416
2.525193,0.130915,-106.67167745719507
2.526346,0.129934,-106.6576446746124
2.52677,0.129597,-106.64643119500458
2.522649,0.132583,-106.65639123854204
2.522214,0.13274,-106.68391439924416
2.522012,0.13296,-106.65279575979775
2.523004,0.132329,-106.58968340583432
2.523784,0.131899,-106.53705772848453
2.519615,0.134949,-106.54710646331296
2.520881,0.134037,-106.50912924950325
2.521733,0.133461,-106.47010673276914
2.522554,0.132867,-106.4139133084222
2.523111,0.132524,-106.38196432582944
2.519012,0.135557,-106.3912368392333
2.518563,0.135678,-106.44640348432569
2.518005,0.136035,-106.45302656081898
2.517658,0.136124,-106.49322795753643
2.517256,0.136403,-106.49117677483105
2.513017,0.139518,-106.50086473554532
2.514223,0.138272,-106.59928405278518
2.514967,0.137564,-106.63694373059217
2.515952,0.136885,-106.60109721191408
2.517147,0.136268,-106.52319999450702
2.512999,0.139309,-106.53284335857602
2.516417,0.136859,-106.54701773458062
2.518396,0.135498,-106.54904407582043
2.520741,0.134023,-106.4317124196248
2.522775,0.132818,-106.3464119996991
2.518923,0.135699,-106.35668573953026
2.514969,0.138662,-106.36746792493778
2.5195815,0.1355905,-106.45341341704383
2.524194,0.132519,-106.13676928021007
2.523509,0.132818,-106.21310568628806
2.522557,0.133461,-106.23401365843604
2.518738,0.136359,-106.24419480095048
2.517925,0.136722,-106.31296238387569
2.517215,0.137199,-106.34549218946808
2.517908,0.13661,-106.3329512649504
2.513921,0.139615,-106.34292046404174
2.514416,0.139231,-106.33154151466168
2.51391,0.139368,-106.3895019922928
2.51335,0.139654,-106.41385220720431
2.50928,0.142703,-106.42426262348388
2.513173,0.139574,-106.46854996655962
2.509092,0.14262,-106.47888663408284
2.510307,0.141678,-106.45679988463212
2.511389,0.141012,-106.40338147859948
2.512428,0.140231,-106.38301887478744
2.513636,0.139706,-106.29485735654934
2.50963,0.142738,-106.3050207379873
2.509644,0.142465,-106.36617596890672
2.509314,0.14257,-106.38937969726004
2.509464,0.142194,-106.44851546394064
2.509414,0.142106,-106.474655003959
2.505304,0.145169,-106.4850673617608
2.507567,0.143373,-106.48427567127924
2.509322,0.142289,-106.40635796173504
2.509643,0.141859,-106.44867706313862
2.509603,0.141797,-106.46967480181311
2.505533,0.144826,-106.47966540583836
2.505799,0.144426,-106.52236352318684
2.505936,0.144231,-106.54368205550084
2.507566,0.14291,-106.55192666867774
2.509283,0.14176,-106.51712442584832
2.505235,0.144764,-106.52719461071766
2.509791,0.141676,-106.4234193122022
2.513183,0.139601,-106.326427639242
2.515814,0.137836,-106.2702393133464
2.518589,0.136308,-106.15549412392716
2.514876,0.139164,-106.1657414425882
2.520473,0.135706,-105.96491908507008
2.524489,0.133444,-105.8097007279266
2.527211,0.131907,-105.6680571040232
2.529678,0.131151,-105.5192951790596
2.526342,0.133951,-105.53002976992448
2.530163,0.132046,-105.38058679158388
2.532757,0.130047,-105.34341711245813
2.531795,0.13049,-105.47278921705724
2.531209,0.130565,-105.56737100091756
2.527896,0.133353,-105.5755715618117
2.527198,0.133485,-105.65584728259142
2.526271,0.133892,-105.7038073443961
2.527021,0.132971,-105.7211905379479
2.527386,0.132607,-105.7120935393706
2.523993,0.135373,-105.72266712447052
2.524675,0.134539,-105.76003035278376
2.52606,0.133387,-105.76399182534816
2.528698,0.131456,-105.65831983039956
2.530736,0.130102,-105.57586484277394
2.527456,0.13279,-105.58570151161976
2.529519,0.131298,-105.50387830863374
2.531178,0.130141,-105.45274959903462
2.532475,0.129265,-105.38401174572996
2.534903,0.127463,-105.33114193703094
2.531814,0.130048,-105.34115657848962
2.533669,0.128779,-105.25716804603202
2.534949,0.128074,-105.17033661683604
2.536085,0.127173,-105.12820575995153
2.536853,0.126731,-105.07998725216008
2.533835,0.129327,-105.09037359986132
2.534911,0.128496,-105.05991021440418
2.535722,0.128188,-104.99200690671051
2.536803,0.127255,-104.9888802998668
2.537529,0.126736,-104.96899447709411
2.534515,0.12936,-104.97869523124652
2.535044,0.128915,-104.95469574926994
2.535819,0.128639,-104.89200535253006
2.537237,0.127567,-104.8846382059269
2.537713,0.127038,-104.90265499903252
2.534766,0.129631,-104.91284603239484
2.535497,0.128849,-104.9247305816532
2.535969,0.128546,-104.90530781738268
2.536908,0.127744,-104.90948571569076
2.537977,0.127402,-104.8699534005584
2.535013,0.130042,-104.88012149526624
2.536326,0.129448,-104.80827199647229
2.537975,0.128797,-104.7330477555441
2.53499,0.13155,-104.74345306038671
2.53547,0.13208,-104.65828420151126
2.532433,0.134958,-104.6681113761189
2.532762,0.135674,-104.59161124736288
2.529658,0.138686,-104.60254714395592
2.5342504999999997,0.1379065,-104.3261556633601
2.538843,0.137127,-104.32392086125968
2.536112,0.140264,-104.33503564372135
2.533314,0.143492,-104.34555210119416
2.536855,0.143496,-104.54081525251055
2.534209,0.146789,-104.55281159018476
2.535124,0.147723,-104.7868387950102
2.532508,0.15109,-104.79826372743652
2.52984,0.154534,-104.8098731080802
2.53031,0.15516,-105.02892607032342
2.5354945714285715,0.14931742857142857,-105.04120338746618
2.540679142857143,0.14347485714285713,-104.98547491859527
2.5458637142857143,0.1376322857142857,-104.81682930015955
2.5510482857142858,0.1317897142857143,-104.89289206550458
2.556232857142857,0.12594714285714287,-104.80271851474215
2.5614174285714286,0.12010457142857142,-104.97923741135577
2.566602,0.114262,-105.07916428441908
2.565822,0.113891,-104.96462745844254
2.564515,0.115656,-104.97795250005328
2.565043,0.113809,-104.94393684277932
2.564123,0.113473,-104.87010423384184
2.563246,0.11332,-104.82324665714351
2.562498,0.113304,-104.77318452044145
2.561051,0.114979,-104.78585483801116
2.56076,0.114575,-104.7686718531107
2.560295,0.114651,-104.71816907604848
2.559963,0.114642,-104.68859340917987
2.559735,0.11459,-104.66729797736096
2.558136,0.116326,-104.6794004342651
2.557681,0.116485,-104.65744857172052
2.557049,0.116878,-104.64991873102352
2.556405,0.117417,-104.6255676813025
2.555944,0.117885,-104.57408332746684
2.554206,0.119741,-104.58547109800668
2.554027,0.119883,-104.54848866455404
2.553905,0.120143,-104.50878475712412
2.554058,0.120047,-104.48890545825272
2.553922,0.120227,-104.46648184613431
2.552134,0.122151,-104.4777682467091
2.552328,0.121932,-104.46817450933086
2.551927,0.122122,-104.4326033850354
2.550061,0.124114,-104.44400163116056
2.549769,0.124251,-104.42484242362852
2.547808,0.126331,-104.43603403535027
2.545776,0.128493,-104.4474983415769
2.550521,0.126495,-104.43508067356892
2.548576,0.128749,-104.44585298869406
2.549713,0.129,-104.48413176073944
2.547756,0.131365,-104.49595374788665
2.545745,0.133807,-104.50767324573368
2.546578,0.13419,-104.58285872850756
2.544559,0.13672,-104.5963400629188
2.545008,0.136979,-104.77109653802184
2.542969,0.139568,-104.7840869038094
2.540863,0.142224,-104.79782499237471
2.540523,0.142915,-105.00609912874064
2.538459,0.145571,-105.0208102051442
2.537698,0.146557,-105.1413162245818
2.535502,0.149344,-105.1724910619348
2.533292,0.152201,-105.18443687071432
2.533312,0.152354,-105.28981837186927
2.531155,0.155196,-105.26440688617328
2.530207,0.156339,-105.28691175642793
2.527924,0.159273,-105.2716169378092
2.525607,0.16229,-105.20208082583562
2.52533,0.162825,-105.08610783119704
2.523335,0.165882,-104.52863606208594
2.524156,0.16546,-103.72776356616076
2.522409,0.168662,-102.71858718420091
2.520781,0.171916,-101.53431124701784
2.522639,0.170479,-100.36447178329928
2.520969,0.173744,-98.96705344751014
2.522415,0.172638,-97.58377174670468
2.520731,0.175623,-96.01060903289522
2.518955,0.178522,-94.35176888505391
2.520843,0.176392,-92.68905838178432
2.518872,0.179002,-90.9054571078902
2.517102,0.18105,-89.07596579965067
2.518422,0.178648,-87.79814398083465
2.516275,0.180704,-86.69813563985015
2.513884,0.182972,-85.73016453191848
2.511416,0.185313,-84.68926621322159
2.512897,0.183141,-83.5782893489374
2.510487,0.185424,-82.3451096828419
2.50814,0.187724,-81.05276960193375
2.50899,0.186461,-79.70995234346863
2.506735,0.188869,-78.42429063528823
2.509341,0.185985,-77.2202460365322
2.507265,0.188586,-76.02568833170687
2.505263,0.191331,-74.85903755205503
2.507077,0.189825,-73.64535426913478
2.505407,0.192605,-72.50940471775795
2.509009,0.189579,-71.4498452030321
2.507702,0.192288,-70.36582028586945
2.506439,0.195076,-69.32127566749774
2.509533,0.193288,-68.27506533357314
2.508558,0.196335,-67.49107169081533
2.51177,0.195227,-66.84080265165976
2.510887,0.198655,-66.26528025202622
2.509961,0.202345,-65.78090390998186
2.5138,0.201626,-65.37592740081394
2.512843,0.205705,-65.02127605174891
2.516724,0.205154,-64.64857216957354
2.515782,0.20947,-64.3563722130905
2.514807,0.213835,-64.05717058596386
2.518961,0.213053,-63.65024567085684
2.518029,0.217353,-63.29095727799368
2.517069,0.221652,-62.90063968925471
2.521572,0.219878,-62.36171071351891
2.520654,0.224127,-61.90832282720504
2.519687,0.228486,-61.438467071749166
2.51866,0.232965,-60.95486661773586
2.5229595,0.230257,-61.1584876709123
2.527259,0.227549,-59.41465231834993
2.526633,0.231881,-58.91266585146949
2.52601,0.236292,-58.42426118516243
2.525347,0.240727,-57.92195183909437
2.524635,0.245164,-57.404113797984806
2.529903,0.243786,-56.61344874752476
2.529291,0.248065,-56.07118469857828
2.528655,0.252389,-55.54000025073602
2.533401,0.251564,-54.898134899497954
2.532842,0.256162,-54.39667730199701
2.537519,0.255519,-53.73506744147812
2.537104,0.260509,-53.32552934822712
2.536698,0.265804,-52.954398774412496
2.536325,0.271404,-52.65388576070119
2.536046,0.277287,-52.4463034561689
2.535847,0.283401,-52.31380472895125
2.535685,0.289685,-52.22408334642151
2.535537,0.296093,-52.161106798652185
2.535392,0.302604,-52.11014529718146
2.535232,0.30917,-52.05493962748066
2.540684666666667,0.30576133333333333,-52.46159522697777
2.5461373333333333,0.30235266666666666,-52.34271179817442
2.55159,0.298944,-51.43334160509244
2.552033,0.305006,-51.39283918744309
2.552566,0.311038,-51.40677558170108
2.55317,0.317023,-51.475140821935966
2.553813,0.322951,-51.58329399397363
2.554447,0.328818,-51.70369121641136
2.55503,0.334582,-51.8049949700729
2.55551,0.340205,-51.84954156107405
2.555864,0.345709,-51.84092575026025
2.556158,0.351084,-51.80647351157524
2.5612689523809524,0.345105,-51.817377756534135
2.566379904761905,0.339126,-51.68819960259406
2.571490857142857,0.333147,-51.599049196096416
2.5766018095238095,0.327168,-51.54606501335604
2.581712761904762,0.321189,-51.129979801184845
2.5868237142857144,0.31521,-51.16943639273295
2.5919346666666665,0.30923100000000003,-50.91575033374357
2.597045619047619,0.303252,-50.93880906968617
2.6021565714285715,0.297273,-51.13069198568412
2.607267523809524,0.291294,-51.17009064788034
2.612378476190476,0.285315,-51.047737484677434
2.6174894285714285,0.27933600000000003,-51.21040212950602
2.622600380952381,0.273357,-50.81050596984145
2.6277113333333335,0.267378,-50.85744558116589
2.6328222857142856,0.261399,-50.76949470251711
2.637933238095238,0.25542,-50.61043792728364
2.6430441904761905,0.24944100000000002,-50.53613168750784
2.648155142857143,0.243462,-50.88288621743611
2.653266095238095,0.237483,-50.57819805305366
2.6583770476190476,0.23150400000000002,-50.4769639934205
2.663488,0.225525,-55.66369833757869
2.664412,0.229562,-55.59781405223095
2.660717,0.23483279999999998,-55.71570322886023
2.657022,0.24010359999999997,-55.737217922058214
2.653327,0.2453744,-55.908908111343976
2.649632,0.25064519999999996,-55.68033022599157
2.645937,0.255916,-54.84837063382692
2.646322,0.260564,-54.7807975542734
2.645108,0.266825,-54.59267310883319
2.644209,0.273608,-54.65867525137547
2.644366,0.278684,-54.6334569889766
2.6433785,0.2825895,-54.794332204801094
2.642391,0.286495,-54.642112218973686
2.642445,0.291857,-54.67690047255891
2.642475,0.297229,-54.94000755826677
2.64251,0.303196,-55.202797006769885
2.642414,0.308867,-55.29882192343521
2.642059,0.31471,-55.75759988241078
2.642032,0.319864,-56.137829068255854
2.642092,0.32469,-56.26498118439625
2.642034,0.330892,-56.68556172317825
2.641592,0.336785,-56.86836935865292
2.641597,0.342903,-57.532290554969855
2.640945,0.348864,-57.71900974287465
2.64031,0.354719,-58.08240495121582
2.639571,0.361113,-58.45493034690335
2.63862,0.367123,-58.6578396183637
2.638379,0.373001,-59.04656806968183
2.637292,0.379218,-59.29502358092627
2.636588,0.385216,-59.61588261640222
2.635816,0.391781,-59.98727669154316
2.634377,0.39838,-60.22945730346389
2.633651,0.404657,-60.6378824859886
2.631904,0.411315,-60.82493293231824
2.630841,0.417352,-61.05195312498616
2.628833,0.424069,-61.2023266807762
2.627476,0.430013,-61.365488537301935
2.626068,0.436672,-61.53385304379567
2.624449,0.442348,-61.68923656767552
2.621968,0.449011,-61.73963670973076
2.620203,0.455936,-60.91999805142896
2.617718,0.462388,-60.923075153825664
2.622881,0.460487,-62.35547168199667
2.620183,0.467033,-62.29783870124837
2.618754,0.472476,-62.26142278080519
2.617215,0.478372,-62.24402483686317
2.614361,0.48479,-62.16810894698239
2.613,0.490026,-62.1328384438225
2.610066,0.496298,-62.04777320649546
2.610906,0.499583,-61.647129883307656
2.607755,0.506323,-61.53750709271399
2.604879,0.512443,-61.4396935404283
2.60229,0.51866,-61.29756815133796
2.599342,0.524754,-61.17822899083543
2.596988,0.5304,-61.05889690925315
2.594789,0.536196,-60.91259279064995
2.59192,0.541981,-60.79984665940223
2.590352,0.546947,-60.69355046228213
2.587683,0.552366,-60.604223375306255
2.585862,0.557058,-60.5831912903781
2.58395,0.561861,-60.54490661402918
2.5825620000000002,0.5661430000000001,-60.680135753599565
2.581174,0.570425,-60.37903658731084
2.578664,0.575374,-60.259634743474685
2.577432,0.579339,-60.17427027643359
2.576105,0.583773,-60.11377620684543
2.573455,0.58884,-60.01517530321085
2.572777,0.592564,-60.101090659077904
2.570007,0.597678,-60.02752378055016
2.569046,0.601803,-59.96593467400674
2.56809,0.606136,-59.9128791606063
2.565212,0.611227,-59.84479404043502
2.565153,0.614942,-59.74963078939234
2.562141,0.620006,-59.65590201060651
2.561023,0.623954,-59.53617981929148
2.560089,0.628022,-59.3543335952578
2.556883,0.632981,-59.220232445538784
2.555028,0.637066,-59.05401295345503
2.553295,0.640864,-58.91284876813496
2.557856,0.6399455000000001,-58.89204421031215
2.562417,0.639027,-58.53685843135999
2.560102,0.64332,-58.40076215523953
2.557243,0.64779,-58.25888520431226
2.555516,0.651834,-58.114036917564334
2.552571,0.656199,-57.93542362793677
2.550283,0.660163,-57.715869647496106
2.547962,0.664204,-57.46286312118018
2.544869,0.668484,-57.23168247991318
2.543776,0.672072,-56.97147610965353
2.540535,0.676432,-56.74104507107719
2.538534,0.680282,-56.535257173464046
2.536362,0.684449,-56.33370938270614
2.532902,0.689024,-56.16542127240238
2.53138,0.692724,-55.99721398881229
2.527892,0.697357,-55.871072393756606
2.525788,0.701391,-55.7672537515293
2.523515,0.705692,-55.64850109008732
2.520093,0.710384,-55.60105542146041
2.519705,0.714057,-55.50163086421639
2.51642,0.718741,-55.48788195487421
2.514799,0.722811,-55.429192574296586
2.513201,0.727021,-55.31431424770478
2.509933,0.731678,-55.27323989313646
2.510147,0.734994,-55.20481562023308
2.506882,0.739656,-55.15812809243583
2.505201,0.743751,-55.10761212348606
2.503446,0.748103,-55.06036578354247
2.500134,0.752948,-55.09488600790151
2.499594,0.757035,-55.07751617535709
2.496302,0.761991,-55.17135516307383
2.494484,0.766426,-55.25384710020562
2.492496,0.771116,-55.30403593100453
2.489231,0.776071,-55.4223160664594
2.487682,0.780319,-55.53373873728239
2.486451,0.78415,-55.6700728838331
2.4913765000000003,0.7836785,-55.573762728630165
2.496302,0.783207,-55.96886268222711
2.493707,0.788044,-56.04156909950683
2.490602,0.792799,-56.19449588705413
2.488327,0.797463,-56.26563117427965
2.485095,0.802234,-56.43123377710604
2.482217,0.806895,-56.59214008930282
2.478768,0.812136,-56.85306335204611
2.475421,0.816789,-57.00525649549222
2.473221,0.821401,-57.01439153068998
2.469882,0.825953,-57.13910679947619
2.467195,0.83016,-57.2355552798149
2.464361,0.834501,-57.29780158745867
2.461014,0.838807,-57.35537953152007
2.458822,0.843035,-57.23762368342289
2.455396,0.84726,-57.26117995751715
2.452865,0.851151,-57.17800069167501
2.449296,0.855319,-57.18353808711651
2.446802,0.858824,-57.13247190502
2.450136,0.859876,-57.16611041904306
2.446638,0.863861,-57.158484656825685
2.44332,0.867744,-57.13074599001462
2.439934,0.871631,-57.08349532586996
2.436249,0.875481,-57.03123946184502
2.43214,0.879886,-57.05400661411028
2.428229,0.883648,-56.984404045892354
2.424736,0.887244,-56.86311514603398
2.421084,0.890907,-56.725958022822056
2.416859,0.894579,-56.64089760296528
2.412576,0.898497,-56.63079770363426
2.408142,0.902078,-56.5326642892343
2.404089,0.905463,-56.4105594958496
2.399907,0.908871,-56.27039866069344
2.395175,0.912331,-56.14398962855716
2.391413,0.915394,-55.989383953970815
2.386508,0.918777,-55.86965121017892
2.382392,0.921865,-55.76558916596394
2.378145,0.925063,-55.60665623151283
2.373122,0.928378,-55.51458409967452
2.37002,0.931098,-55.36021870994188
2.365061,0.934357,-55.25854367704446
2.360962,0.937331,-55.165969897445365
2.356606,0.940418,-55.05660577936014
2.351594,0.943641,-54.95086304736432
2.348316,0.946225,-54.81686667029928
2.343254,0.949414,-54.71804342617212
2.339131,0.952166,-54.64130815922685
2.334709,0.955082,-54.5477578560926
2.329531,0.958227,-54.45501449556358
2.325661,0.960872,-54.373185547381816
2.320358,0.964022,-54.29971056760488
2.316066,0.96675,-54.25750733264197
2.311586,0.969643,-54.16119257043911
2.306005,0.972796,-54.12068351875073
2.302602,0.975241,-54.11079109998774
2.296897,0.978318,-54.06096103875187
2.293657,0.980918,-53.664193568740345
2.289573,0.983496,-53.38455914809872
2.283452,0.986475,-53.32833207614475
2.281184,0.988351,-53.00632887445597
2.274841,0.991264,-52.98831708999288
2.270353,0.9937,-52.90249100487362
2.265295,0.996227,-52.81910630216245
2.258612,0.999,-52.830471654573664
2.255479,1.000856,-52.73553604052716
2.248745,1.003531,-52.7585143593075
2.244334,1.005817,-52.635256134545685
2.238886,1.008194,-52.39576945857384
2.232236,1.010814,-52.39628440917391
2.228474,1.012492,-52.29997759567235
2.222066,1.015033,-52.24451235916354
2.216959,1.017191,-52.14507099239343
2.211742,1.01939,-51.99647320724599
2.205551,1.021845,-51.8397136809901
2.201868,1.023528,-51.67446591407732
2.195732,1.025921,-51.482652091748406
2.19087,1.027852,-51.30478634604605
2.185694,1.02989,-51.12509182425726
2.17931,1.032279,-51.01756087770429
2.174872,1.033835,-51.02737873558598
2.16829,1.036233,-51.03288809345391
2.163207,1.038148,-51.12296831959012
2.157733,1.040228,-51.21628858532719
2.151016,1.042693,-51.33154594497986
2.145957,1.044674,-51.468838590790064
2.141863,1.046275,-51.608034385397815
2.148826,1.045384,-53.09587222956928
2.142961,1.047459,-53.05141745959728
2.13678,1.049493,-53.17433011463121
2.131365,1.051455,-53.197546566616914
2.125153,1.053392,-53.312612635194135
2.119441,1.055253,-53.37269469123726
2.113453,1.057046,-53.22659297768106
2.107397,1.058876,-53.25620461499393
2.100158,1.060014,-53.00704504369208
2.094169,1.06166,-52.95575277591906
2.088924,1.062978,-52.86381984692566
2.082637,1.064063,-52.6821073412077
2.076508,1.065369,-52.57812617184568
2.072451,1.066164,-52.384353296271705
2.066097,1.067205,-52.31396352815872
2.060896,1.067841,-52.23294871174398
2.055535,1.068426,-52.16144864266537
2.04903,1.069154,-52.12401811295952
2.044607,1.069594,-52.054272896059935
2.038126,1.070201,-52.00883575148323
2.037608,1.072453,-49.73839132047586
2.032953,1.0725,-49.05177423867097
2.025993,1.073093,-48.92476691012566
2.023039,1.072506,-48.87471991467342
2.016248,1.073024,-48.694132267366285
2.011539,1.07301,-48.60386377804638
2.006326,1.073155,-48.51173381729977
1.99944,1.073791,-48.39510583355955
1.997744,1.074157,-48.234879798492194
1.99083,1.074921,-48.16800420999019
1.986701,1.075355,-48.1521863121083
1.982028,1.075589,-48.217917478577
1.974968,1.076527,-48.24780342576977
1.973309,1.076009,-48.4970802665063
1.96624,1.077032,-48.59242788960021
1.959042,1.078157,-48.733039588028895
1.956141,1.078255,-49.05662942863563
1.949036,1.079502,-49.22519596079438
1.946721,1.079705,-49.58057009298359
1.939669,1.081032,-49.76752426123149
1.935029,1.081961,-50.00381527909176
1.930075,1.082989,-50.13495258877622
1.923385,1.084533,-50.18466922091859
1.920842,1.084826,-50.39201730576798
1.914362,1.086328,-50.38241010614088
1.907923,1.087874,-50.34304955065319
1.907365,1.088473,-50.37121062870691
1.901071,1.090003,-50.32826530708267
1.899111,1.090236,-50.450627318282606
1.892911,1.091692,-50.4122143627938
1.886658,1.093191,-50.38409240936878
1.884872,1.093377,-50.38985125644989
1.878644,1.094761,-50.37314856034872
1.876607,1.095065,-50.279072432427895
1.87039,1.096381,-50.263579544358144
1.863167,1.097879,-49.66646650464361
1.856792,1.098948,-49.63964635149278
1.855457,1.09861,-49.62398687567732
1.849076,1.099485,-49.61290558117713
1.842541,1.100189,-49.63701500634057
1.845833,1.099383,-46.88044646108917
1.838766,1.099786,-46.96844385482435
1.83867,1.098796,-46.25787031861466
1.831492,1.098997,-46.32705349594441
1.824249,1.099181,-46.37069547657995
1.825312,1.098822,-45.17820917418341
1.818004,1.098989,-45.16123465792467
1.816426,1.097706,-44.88873135062995
1.809083,1.097776,-44.86299853299174
1.801588,1.097848,-44.87124193658522
1.797977,1.096675,-44.86124056704793
1.790323,1.096792,-44.91313706284193
1.786644,1.095967,-45.10796111623748
1.783729,1.095237,-45.323614385268094
1.776145,1.095448,-45.30883341796528
1.780446,1.0939225000000001,-45.38984157151057
1.784747,1.092397,-46.77926691902616
1.777545,1.092411,-46.80874367646061
1.772995,1.091831,-46.27604546093563
1.765402,1.091943,-46.35940472377348
1.757632,1.092135,-46.45625683826662
1.755727,1.090289,-44.60047842534773
1.7516415,1.0903745,-44.48145338018813
1.747556,1.09046,-44.68272936302159
1.740856,1.090471,-44.76909130136194
1.733833,1.090313,-44.87657259957863
1.7296070000000001,1.090414,-44.82090316089374
1.725381,1.090515,-44.93149770197788
1.719706,1.090481,-44.93914796116898
1.715461,1.0906440000000002,-44.81982279852439
1.711216,1.090807,-44.93165331667121
1.705712,1.09013,-45.04286661786624
1.7014095,1.0902715,-44.99862482472885
1.697107,1.090413,-45.01663183595335
1.6927025,1.0905345,-44.8187584038502
1.688298,1.090656,-45.012566872160185
1.68337,1.089606,-45.23880794410715
1.678825,1.089576,-45.189325647925756
1.67428,1.089546,-45.31194926464542
1.667376,1.088568,-45.56417722243967
1.6626805,1.0883975000000001,-45.80436316076487
1.657985,1.088227,-45.68895385739403
1.653213,1.0879815000000002,-45.65426857880304
1.648441,1.087736,-45.822035367125714
1.641943,1.084449,-48.00107326036325
1.637289,1.0839965,-47.862727066340824
1.632635,1.083544,-48.11331562109013
1.629091,1.08147,-49.822816793214166
1.6246065,1.0809004999999998,-49.802416109690945
1.620122,1.080331,-49.90316584992353
1.615618,1.0797080000000001,-49.686025621739155
1.611114,1.079085,-49.96270533336379
1.608191,1.076691,-51.36605143092133
1.603864,1.075946,-51.46576896950268
1.599537,1.075201,-51.42846919919387
1.593425,1.073051,-51.82861415649655
1.5891475000000002,1.0721859999999999,-52.02611848827728
1.58487,1.071321,-51.90643610266216
1.580579,1.0704275,-51.67689103030429
1.576288,1.069534,-51.9958618531484
1.569248,1.06696,-52.58146258943231
1.573831,1.0655459999999999,-52.38892987509393
1.578414,1.064132,-52.9373879721945
1.574716,1.061752,-53.267799724654736
1.567173,1.059989,-53.29759669924472
1.559649,1.058298,-53.29646983952189
1.554926,1.055598,-53.74128067371397
1.547625,1.053912,-53.69553772882358
1.540915,1.051931,-53.6747773763021
1.533609,1.050259,-53.638485652628496
1.526288,1.048589,-53.6074869072003
1.519954,1.046329,-53.66307186839094
1.512709,1.04466,-53.621524285650594
1.507121,1.042184,-53.63652064608785
1.500022,1.040529,-53.559055242315765
1.492964,1.038939,-53.4512272120036
1.487223,1.036833,-53.37230612606204
1.480331,1.035256,-53.20613372428743
1.484392,1.030159,-53.99026245081929
1.478269,1.028296,-53.76823884726152
1.472193,1.026341,-53.53477580937105
1.46688,1.023918,-53.3405514064058
1.460861,1.021724,-53.127971683572696
1.456138,1.018679,-53.054568500010525
1.450139,1.016278,-52.89372750123066
1.444105,1.013824,-52.75929810505018
1.439611,1.01047,-52.74361345100141
1.433565,1.007957,-52.66874739101334
1.428543,1.005053,-52.65383681391224
1.423613,1.002094,-52.62873235432197
1.417712,0.999673,-52.53241589993912
1.414385,0.996328,-52.52753059930209
1.408696,0.993985,-52.36924575630607
1.405115,0.990379,-52.32705342174776
1.399629,0.988054,-52.10847204439095
1.394151,0.985732,-51.89101956515094
1.391058,0.98177,-51.894711779221154
1.385642,0.979345,-51.73043781696981
1.38211,0.975616,-51.7662347456125
1.376679,0.973109,-51.66641192077351
1.371187,0.970607,-51.59019466914463
1.36786,0.966523,-51.67557449503165
1.362381,0.963888,-51.628644741896224
1.358445,0.959978,-51.71637136358086
1.352922,0.95718,-51.724713822233845
1.347282,0.954378,-51.78132419598119
1.343502,0.949953,-51.9756986434631
1.337734,0.947073,-52.12279672762122
1.332895,0.943621,-52.37241378190783
1.328214,0.940559,-52.59948189936537
1.322479,0.937711,-52.77090446412537
1.321098,0.933369,-52.94780305845661
1.315652,0.9304,-53.1044574468614
1.313396,0.926083,-53.25352895086912
1.30962,0.922815,-53.4844866379156
1.304654,0.919672,-53.60175229895022
1.299813,0.915539,-53.732716617925
1.295065,0.912303,-53.810174983618886
1.290367,0.908468,-53.85588792445322
1.285813,0.905196,-53.89058493983303
1.281349,0.901941,-53.90204510147507
1.276819,0.898041,-53.86994470831905
1.27253,0.894883,-53.81407476092089
1.268053,0.89087,-53.70672274312864
1.263963,0.887775,-53.60586468101495
1.259986,0.884634,-53.526455424022416
1.255814,0.880549,-53.452211294329466
1.252048,0.87716,-53.45141711462169
1.247912,0.872733,-53.43482764062579
1.244322,0.869125,-53.49879519459531
1.240853,0.865462,-53.57229739905672
1.237463,0.861502,-53.5501540295288
1.234219,0.857764,-53.60110438736845
1.230733,0.853626,-53.46990563027691
1.227631,0.849931,-53.44237241529756
1.224591,0.846313,-53.36369041652387
1.221312,0.84187,-53.189311474513325
1.218331,0.838355,-53.00856134644535
1.215087,0.8341,-52.76230737461301
1.21209,0.830632,-52.51355964189727
1.209084,0.827185,-52.244183294774935
1.206192,0.822868,-51.87094159325154
1.203048,0.819316,-51.63684981473448
1.200028,0.814593,-51.34614294599847
1.196656,0.81082,-51.2203895256261
1.193159,0.80695,-51.155949013382845
1.191278,0.80089,-51.12313883890181
1.187609,0.796846,-51.13717001686348
1.184542,0.791681,-51.10955811952693
1.180775,0.787522,-51.151616186399714
1.176981,0.783301,-51.20978538373864
1.173165,0.779013,-51.2880872576747
1.169328,0.774652,-51.39515529296752
1.165472,0.77023,-51.531657494024365
1.161608,0.765761,-51.69430795436077
1.157743,0.761269,-51.87492102105885
1.153892,0.756788,-52.06095752034644
1.150054,0.752356,-52.239094542099735
1.146242,0.748011,-52.39509855930646
1.142473,0.743745,-52.52706513449263
1.138791,0.739533,-52.62806453360179
1.1436358333333334,0.7447293333333334,-52.78449267015986
1.1484806666666667,0.7499256666666667,-52.77945672896897
1.1533255,0.7551220000000001,-52.75581387158436
1.1581703333333333,0.7603183333333333,-53.00825695193959
1.1630151666666666,0.7655146666666667,-52.80469147465309
1.16786,0.770711,-59.45818511442043
1.172296,0.77513,-60.15134253184674
1.174553,0.776762,-60.22976537229992
1.176238,0.777487,-60.10598348513623
1.177682,0.777826,-59.88714792809009
1.178241,0.777068,-59.69219461182465
1.178773,0.776248,-59.603205140990994
1.1745888333333334,0.7706121666666668,-59.72075791216488
1.1704046666666668,0.7649763333333334,-59.93650484888825
1.1662205,0.7593405,-59.88320939808996
1.1620363333333332,0.7537046666666667,-59.667215504479174
1.1578521666666666,0.7480688333333334,-59.52111689472382
1.153668,0.742433,-59.39987228978209
1.154061,0.741123,-59.2500826951136
1.154552,0.739899,-59.08161854191403
1.146848,0.737887,-58.12455102245047
1.147397,0.736557,-57.971931920229046
1.1455656666666667,0.7294963333333333,-57.99417380436151
1.1437343333333332,0.7224356666666667,-57.88117747816986
1.141903,0.715375,-53.849325135240136
1.141372,0.71383,-53.78526599332026
1.140746,0.712312,-53.75941914255653
1.1347923333333334,0.7079226666666666,-53.816655967405815
1.1288386666666665,0.7035333333333333,-54.01783666571647
1.122885,0.699144,-53.23321503150925
1.121534,0.697003,-53.318054039709686
1.1152586666666666,0.6933826666666667,-53.5850823659565
1.1089833333333334,0.6897623333333334,-53.642262235705715
1.102708,0.686142,-52.41885898661857
1.10064,0.683062,-52.60037552618744
1.098453,0.679989,-52.81783548669467
1.0938273333333333,0.6757723333333333,-53.0404623337898
1.0892016666666666,0.6715556666666667,-53.05772433587016
1.084576,0.667339,-51.67489362444887
1.081522,0.663551,-51.8872733020421
1.07783,0.659625,-51.91489011006084
1.074138,0.655699,-51.514990870176725
1.070581,0.65186,-51.62651765021336
1.066956,0.648216,-51.68448321220236
1.068304,0.6418818000000001,-51.67747096346461
1.069652,0.6355476,-51.53319242966761
1.071,0.6292134,-51.61945100404832
1.072348,0.6228792,-51.738577143831684
1.073696,0.616545,-52.029281317596975
1.070049,0.611975,-52.01500317144146
1.0691083333333333,0.6061746666666668,-52.153057968905145
1.0681676666666666,0.6003743333333333,-52.15812371410302
1.067227,0.594574,-51.95339673429064
1.063458,0.589405,-51.90569170915653
1.059747,0.584274,-51.8560004107322
1.057234,0.5785955,-52.0304872429124
1.054721,0.572917,-51.8118831813809
1.051108,0.567233,-51.80116984717711
1.0491229999999998,0.562781,-52.010333223684206
1.047138,0.558329,-51.80793136959587
1.043708,0.552257,-51.817414670834914
1.040351,0.546139,-51.82169177552022
1.038459,0.5423910000000001,-51.8396704264837
1.036567,0.538643,-51.85650221851709
1.033291,0.532399,-51.84111631440772
1.031174,0.525544,-51.83661659147908
1.028148,0.519161,-51.80112801940943
1.025232,0.512701,-51.762609443656366
1.023322,0.506337,-51.8236705284144
1.02069,0.499746,-51.79652808424614
1.020286,0.492856,-51.866727572887605
1.017928,0.486171,-51.875907412823366
1.01561,0.479457,-51.912734254732825
1.015962,0.472527,-52.033816741053975
1.013942,0.465784,-52.09880103534037
1.015004,0.459129,-51.61535692523144
1.013224,0.452316,-51.70408723273122
1.011482,0.445516,-51.80435254355157
1.011121,0.439702,-51.98181823126362
1.009537,0.433013,-52.09903205393032
1.008597,0.426682,-52.23123042313639
1.00707,0.420142,-52.31945725420157
1.005541,0.413672,-52.38355498639259
1.004898,0.407767,-52.47879918221791
1.003506,0.401433,-52.499896750219655
1.003571,0.395834,-52.54753070609656
1.002434,0.389487,-52.59475606306109
1.001368,0.383075,-52.67543332526786
1.001614,0.376924,-52.81885863194903
1.00081,0.370408,-52.97029309595233
1.00094,0.363978,-53.08756243349942
1.000337,0.357391,-53.28870863255101
0.999785,0.350824,-53.49332370493381
0.999953,0.344253,-53.63993116110408
0.999647,0.337767,-53.80489398314926
0.99981,0.331248,-53.85142324093437
0.999771,0.324861,-53.95890575644044
0.999811,0.318528,-54.04679085994386
1.00007,0.311958,-54.062735413921786
1.00035,0.30573,-54.08483533143544
1.000583,0.299271,-54.03216974476767
1.001023,0.293135,-54.01527170161773
1.001525,0.287075,-53.9784532988315
1.002029,0.28087,-53.89667169990983
1.00272,0.274947,-53.81547192876035
1.003047,0.268746,-53.64515860603023
1.003897,0.262885,-53.53759698791103
1.004793,0.257038,-53.4250201853979
1.005307,0.250503,-53.25707908925853
1.006346,0.244631,-53.11752749592223
1.007109,0.237996,-52.96087336564433
1.008372,0.231973,-52.84249464468088
1.009747,0.225904,-52.734396230984935
1.010997,0.21933,-52.606026612230046
1.012532,0.213205,-52.48031086178642
1.013887,0.206528,-52.308423790412014
1.015584,0.2004,-52.138512305368806
1.017352,0.194289,-51.944699014335015
1.018897,0.187513,-51.7200474248475
1.020894,0.181349,-51.48190861072306
1.0227,0.174521,-51.23172829659424
1.025051,0.168305,-50.96359536640353
1.02756,0.162056,-50.71432505883053
1.02941,0.15517,-50.58143310362407
1.032129,0.148749,-50.4217834651676
1.034294,0.141109,-50.31074860577812
1.03711,0.134486,-50.22475008919529
1.039973,0.127826,-50.153814914537065
1.0411735,0.12400749999999999,-50.21765492339764
1.042374,0.120189,-50.0352196557668
1.045368,0.113477,-49.93067486958488
1.048088,0.106124,-49.71693998680827
1.051227,0.099449,-49.544607761866914
1.054445,0.09282,-49.349915157771655
1.057524,0.085928,-49.10810573954031
1.060883,0.079364,-48.90247623020678
1.064021,0.072011,-48.687750864637856
1.067444,0.065311,-48.57297153547313
1.070874,0.058526,-48.52143307605262
1.072446,0.05471,-48.46506445625166
1.074018,0.050894,-48.47809916087441
1.077466,0.043887,-48.54953869575994
1.0789955,0.0400455,-48.31076598438339
1.080525,0.036204,-48.59431128280184
1.083975,0.028999,-48.785266197096064
1.085689,0.025376000000000003,-48.738667318555926
1.087403,0.021753,-49.0162245712956
1.088975,0.017826,-48.90836744461185
1.090547,0.013899,-49.19616110886167
1.092231,0.010246,-49.28673392361371
1.093915,0.006593,-49.46176327718551
1.0954195,0.002688,-49.41848554963697
1.096924,-0.001217,-49.64742154134078
1.0985399999999998,-0.004927,-49.74383900877091
1.100156,-0.008637,-49.97005023998041
1.1017185,-0.012376499999999999,-49.96275033231982
1.103281,-0.016116,-50.33380645674236
1.1046455,-0.020103999999999997,-50.56262646355393
1.10601,-0.024092,-50.65210218045964
1.1074755,-0.027881499999999997,-50.75330024995375
1.108941,-0.031671,-51.05739669741357
1.1103035,-0.035753999999999994,-51.30894589595591
1.111666,-0.039837,-51.32658268877607
1.1130445,-0.043595499999999995,-51.20869529869437
1.114423,-0.047354,-51.683816551218506
1.117052,-0.054791,-51.99944236688965
1.118182,-0.0587265,-51.90714105890601
1.119312,-0.062662,-52.18993849363693
1.121648,-0.069951,-52.418298911748856
1.1226555,-0.073882,-52.30318430442105
1.123663,-0.077813,-52.523534639999
1.125845,-0.08495,-52.70035912878069
1.128012,-0.091965,-52.85814149035331
1.130191,-0.099287,-52.956015208243215
1.132443,-0.106078,-53.08845979840703
1.134509,-0.113362,-53.134682899932535
1.136901,-0.119932,-53.246854978359146
1.139385,-0.126374,-53.354705738030766
1.142044,-0.133793,-53.36720136452984
1.144765,-0.140033,-53.47933893270063
1.147669,-0.146874,-53.52791157699033
1.150647,-0.152869,-53.64302550612674
1.153767,-0.158693,-53.75174970537901
1.156984,-0.164865,-53.75047801439915
1.160359,-0.170366,-53.824422617686814
1.163658,-0.176364,-53.80512628714468
1.16722,-0.181571,-53.8398223727229
1.170832,-0.186636,-53.8605105290727
1.174355,-0.192105,-53.79794807008588
1.178044,-0.196927,-53.783819770945776
1.181669,-0.202136,-53.68349856826583
1.185389,-0.206733,-53.6486666878714
1.18909,-0.211226,-53.61101213354106
1.192797,-0.216158,-53.41468525017479
1.196467,-0.220472,-53.35771402241778
1.199922,-0.225027,-53.1887391262094
1.203538,-0.229155,-53.083177207396254
1.207149,-0.233167,-52.94488537140511
1.210429,-0.236962,-52.49444218071317
1.214081,-0.240837,-52.32294540575982
1.217672,-0.24491,-51.8768693664994
1.221433,-0.248779,-51.75950430641406
1.225154,-0.252819,-51.54841507096231
1.228892,-0.256693,-51.39410399701478
1.232789,-0.260548,-51.36245951814485
1.236718,-0.26455,-51.28408708125184
1.240714,-0.268206,-51.229791367001205
1.244292,-0.271796,-51.05922778469346
1.248131,-0.275046,-50.86275566351512
1.252184,-0.278517,-50.78887082365249
1.256182,-0.282182,-50.62884414420143
1.26032,-0.285563,-50.56457473639677
1.264472,-0.289076,-50.46918964954108
1.26867,-0.292438,-50.407082136277005
1.272968,-0.295696,-50.40029809522175
1.277057,-0.298995,-50.31179367358035
1.281354,-0.302134,-50.29666574544951
1.285497,-0.305238,-50.206197336802944
1.289588,-0.308174,-50.10017320268681
1.293764,-0.311076,-49.99295700478197
1.2977,-0.313826,-49.801997081920334
1.301825,-0.316609,-49.64761345217088
1.305773,-0.319247,-49.43543751938763
1.309705,-0.321777,-49.24293314405951
1.31388,-0.324492,-49.08512030835372
1.3177,-0.326914,-48.86551675218423
1.321961,-0.329564,-48.72068020254501
1.325917,-0.33174,-48.45234985903686
1.330102,-0.334096,-48.29815470886532
1.334586,-0.336642,-48.1851563051664
1.338744,-0.338717,-47.99196056771273
1.3434,-0.341183,-47.88846312737564
1.347949,-0.343345,-47.73811435883908
1.352538,-0.345447,-47.61417672729202
1.357487,-0.347797,-47.538158374309525
1.361854,-0.349493,-47.36412903701715
1.366948,-0.351815,-47.29456455678896
1.371757,-0.353823,-47.15134532371228
1.376579,-0.355793,-47.0362897037111
1.381851,-0.358149,-46.975661771597984
1.386535,-0.359759,-46.800683193617175
1.391971,-0.362147,-46.75922799276734
1.397181,-0.363812,-46.65014342145
1.402422,-0.365739,-46.56647045439288
1.408065,-0.368204,-46.551418750436746
1.413193,-0.369937,-46.49961239016251
1.419004,-0.372422,-46.52270537264333
1.424677,-0.3745,-46.54262907855134
1.430301,-0.376579,-46.58943969180457
1.43636,-0.379053,-46.66891542677016
1.441731,-0.380731,-46.67201038969807
1.447936,-0.383127,-46.78506358599751
1.453789,-0.384965,-46.85126602966058
1.459658,-0.386855,-46.9529537411819
1.46604,-0.38909,-47.129529897036456
1.471581,-0.390437,-47.18138228903221
1.477959,-0.392523,-47.34793325476346
1.483889,-0.394093,-47.39778225894875
1.489658,-0.395638,-47.38693511551213
1.495778,-0.39733,-47.36656373614067
1.501122,-0.398038,-47.19618435375346
1.507085,-0.39934,-47.036002230466885
1.512555,-0.399837,-46.75174637829991
1.518099,-0.400289,-46.49512906971304
1.524278,-0.400975,-46.312126323286726
1.529549,-0.40039,-45.99971053290094
1.536006,-0.400719,-45.86454570036574
1.542146,-0.400099,-45.72197520088552
1.548276,-0.399554,-45.60956992675737
1.555015,-0.399587,-45.52992378019944
1.560955,-0.398322,-45.394866633649926
1.567849,-0.398307,-45.35501793661925
1.574246,-0.397624,-45.20590988354893
1.580637,-0.39716,-45.12672144906944
1.587817,-0.397304,-45.17668471865746
1.593868,-0.396114,-45.089258978188894
1.601218,-0.396391,-45.19770721332959
1.607954,-0.395881,-45.20871950432935
1.614383,-0.395349,-45.25546403318825
1.621847,-0.395822,-45.38269972914468
1.627805,-0.394861,-45.3601258120963
1.635297,-0.395481,-45.48345558343087
1.642251,-0.395535,-45.52935888814568
1.649139,-0.395777,-45.56316103479127
1.656632,-0.396624,-45.63092588094331
1.662736,-0.396129,-45.53118190375147
1.670222,-0.397109,-45.55383793477806
1.677148,-0.3975,-45.498356754510375
1.684033,-0.398067,-45.434718974952034
1.691583,-0.399192,-45.38239798986537
1.697935,-0.399101,-45.23539835079718
1.70551,-0.400249,-45.19168722795
1.71242,-0.400443,-45.12001913534374
1.719412,-0.400869,-45.0816166567968
1.727167,-0.401976,-45.094581535135646
1.73336,-0.401201,-45.04443390860807
1.741266,-0.402245,-45.13738904882262
1.748726,-0.402591,-45.23372388732632
1.756202,-0.403047,-45.37817334182028
1.760252,-0.4036085,-45.61309605731313
1.764302,-0.40417,-45.56444945707903
1.770575,-0.402974,-45.71095388047144
1.7746140000000001,-0.403545,-45.67938342169557
1.778653,-0.404116,-45.90523664548432
1.785932,-0.404079,-46.1126937044516
1.792726,-0.403798,-46.33696605788228
1.800622,-0.404919,-46.50356851902769
1.806343,-0.403709,-46.67204563768437
1.81397,-0.404817,-46.75554358459852
1.820817,-0.405046,-46.81323311077537
1.827539,-0.405436,-46.83967688061843
1.834909,-0.40669,-46.81601862097724
1.840987,-0.406581,-46.79111584600323
1.848312,-0.408007,-46.722493337713615
1.855679,-0.409574,-46.64748043690167
1.861967,-0.410022,-46.61441929891141
1.869465,-0.411845,-46.556103295171866
1.875718,-0.412133,-46.54958625102802
1.883372,-0.414175,-46.52072293637723
1.890324,-0.41526,-46.52482439450038
1.897222,-0.416443,-46.563169839207255
1.9011705,-0.417604,-46.75867178110152
1.905119,-0.418765,-46.58489871333624
1.910624,-0.418308,-46.71217116529683
1.9146260000000002,-0.41953,-46.874868798951184
1.918628,-0.420752,-46.76878397324021
1.925805,-0.422131,-46.8622513445195
1.932855,-0.423583,-46.992602072643614
1.9368845000000001,-0.4248775,-46.73888189809332
1.940914,-0.426172,-47.03374706717541
1.947183,-0.426674,-47.16057672759049
1.9511805,-0.4279855,-47.29122793478463
1.955178,-0.429297,-47.17021493503293
1.962397,-0.430885,-47.28006310342508
1.969506,-0.43249,-47.40588608657652
1.9734665,-0.433805,-47.3879370918599
1.977427,-0.43512,-47.41046736716101
1.983478,-0.435406,-47.52881087516274
1.9874325000000002,-0.43670549999999997,-47.441448290899274
1.991387,-0.438005,-47.55262241887922
1.998325,-0.439238,-47.88176561366199
2.0022225000000002,-0.44054899999999997,-48.46088769840415
2.00612,-0.44186,-47.87498879743531
2.0099915,-0.443189,-47.81372341852914
2.013863,-0.444518,-47.83182745301106
2.010591666666667,-0.43965000000000004,-47.734097087844525
2.0073203333333334,-0.434782,-47.63212282736835
2.004049,-0.429914,-48.06263973096784
2.011147,-0.431964,-47.89952653472455
2.012969,-0.429377,-47.31586115525125
2.019824,-0.431045,-47.046729321819925
2.026629,-0.432674,-46.76290243051596
2.031522,-0.432232,-46.43803153777855
2.038356,-0.433547,-46.19275361408987
2.044088,-0.433751,-45.96773010430764
2.05101,-0.434771,-45.75857343628323
2.057974,-0.435736,-45.55662404302393
2.064337,-0.435964,-45.3699715539843
2.071399,-0.436792,-45.22345527961793
2.077784,-0.43735,-45.18634278519029
2.085043,-0.437974,-45.18587270113029
2.092393,-0.438482,-45.23930483629864
2.098717,-0.438635,-45.347113460294544
2.106086,-0.438882,-45.44216453566924
2.112716,-0.43915,-45.575963432155504
2.119995,-0.439239,-45.63805652506184
2.127217,-0.439314,-45.66665218159554
2.133161,-0.439278,-45.690664552152256
2.140268,-0.439301,-45.68111140390671
2.147018,-0.439607,-45.72674797943568
2.154094,-0.439577,-45.72824518998033
2.161193,-0.439512,-45.74840669276414
2.16742,-0.439589,-45.82931880174763
2.174469,-0.439427,-45.85988969612507
2.181098,-0.439522,-45.90069628070759
2.188047,-0.439199,-45.89787873003254
2.195004,-0.438793,-45.87688502543824
2.200719,-0.438294,-45.83978268921869
2.207427,-0.437767,-45.71459512753218
2.212846,-0.437086,-45.54326702864291
2.219531,-0.436609,-45.438617331733305
2.22625,-0.436211,-45.35390373547645
2.23064,-0.434818,-45.23636507871518
2.237337,-0.434451,-45.15539568586342
2.241441,-0.432814,-45.05069141208677
2.248098,-0.432369,-44.96092264326224
2.2423888,-0.4274726,-44.75550635256583
2.2366796,-0.4225762,-45.178823934263235
2.2309704000000004,-0.4176798,-45.15826713568218
2.2252612000000003,-0.4127834,-45.12600310157131
2.219552,-0.407887,-45.35248437162479
2.219389,-0.402571,-45.53209760734081
2.225233,-0.40162,-45.47860688770714
2.232302,-0.401625,-45.54664915984442
2.239274,-0.401564,-45.58600871588635
2.245243,-0.4006,-45.58106461640868
2.2514386666666666,-0.40480666666666665,-45.46428569001292
2.2576343333333333,-0.40901333333333334,-45.50410212288554
2.26383,-0.41322,-46.19754997469625
2.269793,-0.412628,-46.20225059982601
2.275759,-0.412027,-46.21360037297024
2.27949,-0.4136205,-46.359442423202445
2.283221,-0.415214,-46.62875042540805
2.289102,-0.414743,-46.66908674461317
2.294999,-0.41427,-46.71831137300183
2.3020509999999996,-0.41791175,-46.81716670395877
2.309103,-0.4215535,-47.052600546170495
2.316155,-0.42519525,-46.97639774309564
2.323207,-0.428837,-46.6252754280456
2.329699,-0.429026,-46.68865654660312
2.335427,-0.431717,-46.30719062834381
2.341155,-0.434408,-46.37620529684036
2.346883,-0.437099,-46.58329058076031
2.353698,-0.437718,-46.649584204853
2.3585015,-0.4382595,-46.59262445897662
2.363305,-0.438801,-48.41358639862633
2.36979,-0.439323,-48.44915863964616
2.376955,-0.439316,-48.84717932134814
2.383632,-0.438843,-49.01077388651509
2.390006,-0.439522,-49.01150300093983
2.39727,-0.438504,-49.3637194870233
2.403613,-0.439199,-49.367042959870254
2.411336,-0.437783,-49.58359820589203
2.418541,-0.436956,-49.78214272554719
2.424959,-0.437598,-49.83022725934411
2.426271,-0.429898,-49.452910797649686
2.432694,-0.430482,-49.52059569287448
2.440235,-0.430578,-49.70153892832758
2.447506,-0.430597,-49.87115842715664
2.453954,-0.43127,-49.95322480768982
2.458267,-0.430887,-49.88220012550004
2.46258,-0.430504,-50.22446529758634
2.469081,-0.4311,-50.31708480216335
2.476656,-0.431065,-50.49466327291948
2.483968,-0.430914,-50.66569308812951
2.490511,-0.431481,-50.777502919643325
2.4949355,-0.431114,-50.89453931080634
2.49936,-0.430747,-51.05148467283857
2.5033595,-0.4308235,-51.36796942854825
2.507359,-0.4309,-51.30386317808311
2.511803,-0.43070600000000003,-51.14444627854859
2.516247,-0.430512,-51.59218715893724
2.523837,-0.429923,-51.85518856103439
2.530646,-0.430506,-52.01045569517469
2.534941,-0.4298635,-52.12430229003991
2.539236,-0.429221,-52.3304518216196
2.546055,-0.429884,-52.46472639330803
2.55377,-0.429798,-52.60646642876905
2.561071,-0.42969,-52.72689502932037
2.567729,-0.430562,-52.79516462537573
2.571766,-0.4301205,-52.66017418938513
2.575803,-0.429679,-52.87056934448296
2.582322,-0.430578,-52.887806055392026
2.589166,-0.430996,-52.84072447217998
2.595475,-0.431922,-52.7882837801698
2.602268,-0.432896,-52.74011696507359
2.6062865,-0.4334565,-52.39494911540899
2.610305,-0.434017,-52.42479379271826
2.616533,-0.434988,-52.324037293746144
2.623726,-0.435434,-52.22801280294337
2.630707,-0.435688,-52.170818603861726
2.637152,-0.436927,-52.20356713456085
2.645108,-0.437165,-52.31228105597528
2.651691,-0.438523,-52.4235327902295
2.65606,-0.43866499999999997,-52.42682658928432
2.660429,-0.438807,-52.61460352394661
2.667071,-0.440206,-52.74014337837573
2.673674,-0.441725,-52.85624318107164
2.678042,-0.4416955,-52.81949709132326
2.68241,-0.441666,-52.94369082849028
2.688962,-0.443214,-53.01507601352152
2.696451,-0.443798,-53.01355896235317
2.702845,-0.445475,-53.02680085215127
2.709125,-0.447245,-53.0216259888494
2.7131165,-0.448146,-53.21098293069474
2.717108,-0.449047,-52.85564089150984
2.723279,-0.450859,-52.84333031889701
2.7309215,-0.4495425,-52.73844885537402
2.738564,-0.448226,-50.58030047939865
2.745334,-0.449276,-50.58405829767055
2.752022,-0.450283,-50.57203880968162
2.75962,-0.448352,-49.55486250173243
2.766345,-0.448941,-49.48702264888966
2.771748,-0.447352,-48.96949780923195
2.778216,-0.447764,-48.76082941548123
2.784507,-0.448185,-48.46088018806589
2.78861,-0.446465,-47.87629601383532
2.794665,-0.446653,-47.43676142672319
2.798406,-0.444975,-46.89942068796034
2.80441,-0.444876,-46.41401775748946
2.810454,-0.444737,-45.94164517085581
2.814066,-0.442737,-45.472482662234775
2.82022,-0.442542,-45.10334565826293
2.824612,-0.441252,-44.81594266712159
2.831079,-0.441031,-44.6476405000409
2.837645,-0.440758,-44.528854628339296
2.840886,-0.438372,-44.4367471404074
2.84748,-0.43793,-44.365333158644376
2.8518,-0.436624,-44.286016761465646
2.858266,-0.436109,-44.1814801545814
2.8633335,-0.435037,-44.31685133498095
2.868401,-0.433965,-43.86548730867475
2.874618,-0.433537,-43.71635089461427
2.879281,-0.433107,-43.58918073004448
2.885469,-0.432961,-43.53268367626817
2.891662,-0.432947,-43.51751052973692
2.896793,-0.43341,-43.480270629646405
2.902857,-0.433703,-43.49085293566712
2.90794,-0.434501,-43.44916068549059
2.913774,-0.435113,-43.42151144135576
2.919491,-0.435853,-43.36213829379989
2.924293,-0.437096,-43.219442303543815
2.929774,-0.438033,-43.10499787682862
2.935242,-0.44022,-42.9405219298693
2.940543,-0.441374,-42.807551328891805
2.945773,-0.442624,-42.67383198500128
2.951087,-0.445225,-42.48891399066905
2.956167,-0.446691,-42.3499289245298
2.961484,-0.449456,-42.15585369190838
2.966445,-0.451045,-41.99229975117024
2.971361,-0.452646,-41.81369686213037
2.976605,-0.455509,-41.56699051039856
2.981395,-0.457223,-41.378874748960754
2.986476,-0.460074,-41.1623339609067
2.991147,-0.46199,-41.012296288160975
2.995747,-0.463976,-40.87078184992546
3.000222,-0.466468,-40.701309863270566
3.004726,-0.468492,-40.53296517436422
3.009765,-0.471614,-40.287908712065054
3.014162,-0.473707,-40.08127778326146
3.018552,-0.475903,-39.912166737738914
3.023372,-0.479092,-39.73111977999344
3.027953,-0.481621,-39.76676708333561
3.033018,-0.48498,-39.8932136700098
3.037898,-0.487772,-40.16786558888069
3.042798,-0.490617,-40.50561639263972
3.048117,-0.494439,-40.8077716402272
3.052837,-0.497299,-41.11368740327431
3.057703,-0.500775,-41.30762766909283
3.062215,-0.503471,-41.50524040371993
3.066628,-0.506048,-41.64827309718207
3.071509,-0.509568,-41.7044610650248
3.075781,-0.512053,-41.78964268543822
3.08049,-0.515563,-41.800593126164586
3.084622,-0.518043,-41.8564875599318
3.088729,-0.520511,-41.91614546310437
3.093576,-0.524351,-41.93010111483585
3.097625,-0.526869,-41.993685338248426
3.102694,-0.531021,-42.01306714122321
3.106749,-0.533581,-42.08747305710098
3.110793,-0.536123,-42.15653288541434
3.116059,-0.540571,-42.15514761593293
3.120085,-0.543085,-42.183143457938215
3.125419,-0.54764,-42.1458208487547
3.129395,-0.550158,-42.12646482993432
3.1330745,-0.553643,-42.052476400992354
3.136754,-0.557128,-42.72455087356455
3.1408663333333333,-0.561529,-42.63848100966291
3.1449786666666664,-0.56593,-42.63064301418673
3.149091,-0.570331,-44.21873180102157
3.152923,-0.572756,-44.20631221173463
3.157388,-0.5771655,-44.21905352871482
3.161853,-0.581575,-44.87192142049346
3.165936,-0.585445,-45.260085662343286
3.170019,-0.589315,-45.37676326574184
3.173938,-0.59166,-45.34819003988137
3.177341,-0.594637,-45.3861666908407
3.180744,-0.597614,-45.84868198427534
3.183878,-0.6003575,-45.560350115982125
3.187012,-0.603101,-46.29234437778633
3.1901525,-0.6057625,-46.193874046568254
3.193293,-0.608424,-46.65835982703935
3.197176,-0.610732,-46.68160095233455
3.202214,-0.614439,-46.93950165388792
3.205778,-0.6176075,-46.98600548259225
3.209342,-0.620776,-47.265112798638
3.21318,-0.623062,-47.31859804979036
3.218971,-0.627975,-47.83119677214878
3.224684,-0.632729,-48.21404361750296
3.228399,-0.634749,-48.18336440735016
3.2320320000000002,-0.6381935000000001,-48.27880058350765
3.235665,-0.641638,-49.17087199535269
3.239144,-0.643496,-49.04528512642708
3.244396,-0.64776,-49.25115343388911
3.247623,-0.649481,-49.00461692228529
3.252412,-0.653475,-49.21532056643128
3.257246,-0.657355,-49.28544034055188
3.261645,-0.66042,-48.96481608791839
3.266151,-0.663528,-48.68226304304501
3.271377,-0.668053,-48.81607879879954
3.274487,-0.669937,-48.65395635030275
3.279428,-0.674479,-48.87723198615392
3.283978,-0.678937,-49.19538858493824
3.288519,-0.683528,-49.4406599707523
3.291114,-0.685827,-49.37443165941172
3.294846,-0.68957,-49.24426652204058
3.299506,-0.69475,-49.066059213098654
3.301565,-0.69739,-48.91153513710783
3.305471,-0.703033,-49.24085846715575
3.309361,-0.708907,-49.377921950334304
3.310665,-0.711769,-49.11602437133762
3.313665,-0.717294,-49.032648971342375
3.316748,-0.723152,-48.91880075734495
3.319414,-0.728848,-48.79924173371116
3.319923,-0.731949,-48.51653149073524
3.322208,-0.737404,-48.4216988511302
3.325594,-0.744347,-48.335320253923136
3.325658,-0.747388,-48.08372656654517
3.327991,-0.753527,-47.986593213576725
3.33045,-0.75983,-47.714896510105575
3.330086,-0.762661,-47.56555257056544
3.331107,-0.767203,-47.45196347331035
3.332235,-0.771453,-47.277687085235016
3.333082,-0.775352,-47.23638563964573
3.334523,-0.779627,-47.108262911863854
3.33688,-0.784856,-47.04152448254458
3.339924,-0.790632,-46.79105271621703
3.340007,-0.792303,-46.69059552352325
3.343035,-0.797592,-46.477555167755696
3.346575,-0.80324,-46.28881582128723
3.348996,-0.807213,-46.205908384770616
3.350801,-0.810259,-46.116412387104845
3.351539,-0.811689,-46.126128386220536
3.35378,-0.815144,-46.11472062616645
3.356499,-0.81923,-46.1032201135276
3.359308,-0.82354,-46.20589961147508
3.360173,-0.82513,-46.3959434413605
3.362769,-0.829213,-46.49593205358927
3.365223,-0.833353,-46.62922813779924
3.366871,-0.83653,-46.96235300138672
3.368694,-0.84,-47.24447711387791
3.37077,-0.843968,-47.49152235786798
3.370989,-0.845487,-47.73767516567055
3.373452,-0.850528,-47.89075879852166
3.373259,-0.851945,-48.06852231242327
3.3753475,-0.8558475,-47.86251193462745
3.377436,-0.85975,-47.98896177400546
3.376917,-0.861117,-48.090826938195285
3.379358,-0.866726,-48.05038870867379
3.381219,-0.871874,-47.99703476162945
3.383144,-0.877114,-47.89564126202453
3.385258,-0.882857,-47.62541394343585
3.387074,-0.888152,-47.42556932064549
3.385699,-0.889334,-47.2881200303641
3.387047,-0.894398,-46.93414013068914
3.385395,-0.895514,-46.63873592626992
3.387095,-0.8993355000000001,-46.575392566254855
3.388795,-0.903157,-46.0945744681973
3.386808,-0.904055,-45.572222353771565
3.385889,-0.906464,-44.96389997257757
3.385012,-0.909758,-44.241257831734046
3.381865,-0.910296,-43.52792894254074
3.383435,-0.9147725,-43.621336021805845
3.385005,-0.919249,-42.762604581788025
3.381526,-0.919793,-42.20277446121212
3.381857,-0.925044,-41.720230114280696
3.381065,-0.928836,-41.43471140474262
3.381434,-0.933514,-41.117789161638505
3.381678,-0.937776,-41.186526518881
3.37934,-0.938476,-41.10953815680043
3.380127,-0.94246,-41.011269242918594
3.381237,-0.947213,-40.8464647067183
3.383093,-0.952179,-39.94008707695885
3.383196,-0.95528,-40.45613822479262
3.381725,-0.955961,-40.43467545410861
3.382223,-0.959004,-40.44129861047798
3.382897,-0.962424,-40.42797380407338
3.381418,-0.963061,-40.445127791774446
3.383978,-0.969125,-40.586808328743935
3.382415,-0.969901,-40.70485939347722
3.381315,-0.971456,-41.00867848664799
3.379923,-0.973162,-41.33272203000514
3.38055,-0.977335,-41.52959646336841
3.382253,-0.983155,-41.716017429897775
3.380218,-0.983997,-41.94777131489795
3.381754,-0.989372,-42.03639321964306
3.383004,-0.994649,-42.01697099479012
3.380919,-0.995319,-42.12766445056439
3.379632,-0.997581,-42.16148687406032
3.377413,-0.99803,-42.18821974066064
3.378292,-1.002702,-42.12957271038671
3.379338,-1.007941,-42.12266991548974
3.381284,-1.013636,-41.98834118906509
3.382552,-1.01887,-41.82479734492836
3.380164,-1.019194,-41.62193660997443
3.381812,-1.024271,-41.36526290176347
3.38291,-1.029382,-41.04578879417696
3.384442,-1.034864,-40.68587722876594
3.385359,-1.040057,-40.37595030573748
3.382363,-1.040488,-40.16640514065435
3.379098,-1.040877,-39.99160453130383
3.37988,-1.046966,-39.7528026764759
3.380827,-1.053109,-39.565917987962735
3.382584,-1.0577420000000002,-39.69584219767624
3.384341,-1.062375,-38.770833868598345
3.38081,-1.063453,-38.79151164614614
3.377168,-1.064578,-38.8542282241439
3.3789355,-1.0696085,-38.79310491261838
3.380703,-1.074639,-38.3663764838191
3.382263,-1.0792385,-38.46711095298298
3.383823,-1.083838,-38.0339275145401
3.383807,-1.089873,-38.1390109777193
3.380611,-1.091787,-38.341377011054135
3.380519,-1.097259,-38.5671523660006
3.38065,-1.103625,-38.79472970752638
3.38104,-1.110045,-39.05087275975413
3.38121,-1.116457,-39.418767235956246
3.378211,-1.118759,-39.79314546891731
3.378828,-1.125358,-40.12960747827169
3.380029,-1.129721,-40.1809428964424
3.38123,-1.134084,-40.19583268393131
3.382351,-1.1380935,-40.36551564947778
3.383472,-1.142103,-40.401802112469895
3.383783,-1.148107,-40.59400984538481
3.381348,-1.150418,-40.78700024727076
3.381246,-1.155355,-40.85244218122978
3.381224,-1.160682,-41.17928598109656
3.378523,-1.162504,-41.195940340606775
3.3801505,-1.1669605,-41.17283426886568
3.381778,-1.171417,-41.1331366107912
3.378905,-1.173083,-41.0954464084222
3.380092,-1.179676,-40.73849179557103
3.38052,-1.185582,-40.45757376575034
3.380303,-1.190512,-40.307594564747845
3.379763,-1.195236,-40.106122426995846
3.376591,-1.196666,-39.88863444052284
3.375614,-1.200711,-39.62485572227981
3.374857,-1.205298,-39.33138311941145
3.374287,-1.209994,-39.01682747082012
3.373553,-1.21478,-38.73852819742683
3.370325,-1.216509,-38.55017042500307
3.36709,-1.218363,-38.42214807612523
3.366691,-1.224065,-38.32517953247649
3.366283,-1.229972,-38.16551904680664
3.365801,-1.235837,-38.23188138133506
3.362775,-1.238616,-38.38554253117895
3.362348,-1.244473,-38.5461940789252
3.3618,-1.25049,-38.68659378048309
3.361329,-1.256394,-38.825187100210734
3.360708,-1.262364,-38.91093922739879
3.357716,-1.265386,-38.98899881575844
3.357202,-1.271296,-39.05129211997741
3.356599,-1.277405,-39.08773865835232
3.355963,-1.283318,-39.16881336750384
3.355327,-1.289566,-39.25458513359725
3.352197,-1.292844,-39.400646302837465
3.351398,-1.298888,-39.55114883164392
3.350671,-1.305296,-39.67120601915595
3.349535,-1.311008,-39.81525104115597
3.34836,-1.316896,-39.91933830969371
3.344903,-1.320001,-40.03770772347983
3.343172,-1.324636,-40.15509935891352
3.341759,-1.330048,-40.205345632232174
3.340275,-1.335072,-40.234666791343976
3.337707,-1.340196,-40.73735700469977
3.334163,-1.342586,-40.7159606117852
3.333052,-1.347264,-40.67231330145853
3.332144,-1.352397,-40.53553314341635
3.328764,-1.354531,-40.42310692968139
3.328231,-1.360957,-40.1605802151236
3.325026,-1.363031,-39.93630635648052
3.323728,-1.367266,-39.69590059124046
3.322545,-1.371529,-39.3936400096709
3.321523,-1.375948,-39.1068094876368
3.320572,-1.380638,-38.79146450948436
3.317774,-1.383093,-38.527486348846885
3.316839,-1.387864,-38.35648185319136
3.316145,-1.393349,-38.19018032753486
3.315284,-1.398777,-38.11203998152313
3.31432,-1.404481,-38.08835749686936
3.311499,-1.407964,-38.153023386717
3.308662,-1.411557,-38.26215076317059
3.3091925,-1.4160765,-38.34124317497823
3.309723,-1.420596,-38.31208894840876
3.30885,-1.427061,-38.42626494407448
3.308132,-1.433606,-38.57894169448141
3.305453,-1.437847,-38.81644912750113
3.3047,-1.444125,-39.03061482133876
3.30397,-1.45089,-39.23968087672245
3.303166,-1.457351,-39.45402801892282
3.302185,-1.463774,-39.64588420298487
3.299541,-1.468066,-39.87324297431108
3.298771,-1.474444,-40.040486675573696
3.297769,-1.480678,-40.197647864012815
3.295138,-1.4848,-40.38004094253227
3.295851,-1.492716,-40.46548903957434
3.293253,-1.496737,-40.598197325639205
3.292211,-1.502552,-40.675504811559485
3.290877,-1.508134,-40.71304587544344
3.289793,-1.513768,-40.72182626777369
3.288523,-1.51935,-40.69622288084268
3.285888,-1.523119,-40.67531824532825
3.284678,-1.528449,-40.603839651186576
3.28341,-1.533838,-40.487452219432775
3.282228,-1.539094,-40.392753956375465
3.281071,-1.544573,-40.288737216019086
3.278689,-1.548607,-40.23484706653702
3.277368,-1.553953,-40.20198826871428
3.27561,-1.559343,-40.17781379771162
3.273876,-1.564603,-40.192066644587214
3.272112,-1.570099,-40.21676818696353
3.269489,-1.574461,-40.27886847797253
3.267326,-1.579386,-40.390082545490586
3.265277,-1.584837,-40.452444982416
3.263034,-1.590134,-40.47610255433967
3.261075,-1.595618,-40.61658080172776
3.258482,-1.59986,-40.64455315106768
3.2566125,-1.6049395,-40.761034485278145
3.254743,-1.610019,-40.73027321878127
3.253069,-1.615068,-40.74184256393882
3.25137,-1.62024,-40.71420619096042
3.249141,-1.624525,-40.65227956121018
3.247539,-1.629656,-40.62954185236852
3.245906,-1.634915,-40.60690629880628
3.244313,-1.640248,-40.69156307733718
3.242477,-1.645328,-40.76145843396394
3.240434,-1.650055,-40.7637233269283
3.238817,-1.655606,-40.80073064068916
3.237048,-1.661253,-40.81897375777917
3.235136,-1.666602,-40.86582588122228
3.232965,-1.672005,-40.90752717229361
3.230805,-1.676868,-40.9468414234351
3.228563,-1.682092,-41.04856078746457
3.226099,-1.686935,-41.1875749589352
3.223696,-1.692068,-41.28989834268699
3.221137,-1.697269,-41.36206745726036
3.218849,-1.702004,-41.409106870237096
3.216228,-1.706909,-41.47092557752141
3.213435,-1.711768,-41.498792199225406
3.210496,-1.716176,-41.53529461827484
3.207358,-1.720556,-41.545477185024005
3.204867,-1.724695,-41.539043538546274
3.202622,-1.731059,-42.26905242609652
3.199719,-1.73639,-42.69529813034004
3.196608,-1.741206,-43.05324017523572
3.192998,-1.745449,-43.37442070211994
3.190794,-1.749485,-43.46726279609141
3.186998,-1.753475,-43.6594915936601
3.183122,-1.757614,-43.8757277088915
3.179707,-1.762212,-44.2856706140348
3.176076,-1.766762,-44.666876308838326
3.174045,-1.77106,-44.92304838514344
3.170525,-1.775336,-45.2990979239116
3.167022,-1.779766,-45.62087166469804
3.163876,-1.784273,-45.87648863485055
3.160634,-1.788611,-46.09635086586852
3.159387,-1.793158,-46.20529917458408
3.155302,-1.797875,-46.86513377816247
3.150972,-1.802395,-47.2749446331999
3.15028,-1.806938,-47.28961562570365
3.144202,-1.81007,-47.30494744785394
3.14368,-1.81455,-47.28752036157657
3.141549,-1.818804,-47.26300685090233
3.139218,-1.822904,-47.178072715453645
3.136582,-1.826786,-47.12473051422864
3.133744,-1.830561,-47.02703369055487
3.133438,-1.834508,-46.885740867197846
3.130846,-1.838089,-46.80384789385998
3.12772,-1.841261,-46.78494580116459
3.123358,-1.843539,-47.0005512967168
3.118912,-1.845705,-47.25681834874317
3.118438,-1.84923,-47.27739549165046
3.11458,-1.851715,-47.47026560002861
3.110864,-1.854328,-47.580616706077386
3.110455,-1.8575,-47.55720343122671
3.106182,-1.857888,-47.684296547453
3.101909,-1.858276,-47.53010091403232
3.101631,-1.861371,-47.42497131361296
3.098608,-1.863862,-47.303235525855975
3.09538,-1.866523,-47.14954962905639
3.090784,-1.869772,-47.21167735126697
3.08563,-1.872601,-47.2305631598989
3.085529,-1.87592,-47.15692166079583
3.08226,-1.878787,-47.125155995926185
3.078625,-1.881633,-47.10973022915591
3.075528,-1.884005,-47.1517520993486
3.072195,-1.88652,-47.23518727644576
