velocity,omega
0.005297865843903421,0.07751160985688443
0.005297865843903423,-0.5141726956865256
0.006660663330330004,-0.33779601415315597
0.0030481195842684203,-0.19294047287876026
0.0035462855215001067,-0.007514279406805713
0.0036990573123433677,-0.15895165850822934
0.0016525767758261785,-0.10407582142772753
0.0014876024334475482,-0.12402630427168049
0.0014431659641222093,-0.11394564697940268
0.0028676488627444553,-0.007355329470669858
0.0018742401126854887,-0.0318144258103672
0.0009539523048874237,-0.03075283414763419
0.0006098237450280787,-0.02049757978753064
0.0005902685829349867,-0.020946914178836096
0.00281217673697782,-0.007720113905790527
0.00045969772677272107,-0.03388155350585009
0.00043873682316395937,-0.03943072181395735
0.0030213462231262187,-0.007700846598623912
0.0035371515376074344,-0.19873798064980974
0.0029413741686495926,-0.007505718015892171
0.0016032669771437473,0.05192325401939968
0.00025900772189260484,0.01895167822573285
0.001187960437051663,-0.019235781762503734
0.0030458209074075947,-0.007909455274855759
0.0009486311190342251,-0.04607248373760342
0.0010761449716462062,-0.048181255871796225
0.00090113040121845,-0.0697772299201489
0.0009805508655854785,-0.07126717715330244
0.0011890710660006252,-0.07206430369291184
0.003426644130924405,-0.008075414167905137
0.0017038691264295584,-0.11184784585350371
0.0016771553297178531,-0.10698319637359077
0.0014767779115358308,-0.11816745898951808
0.0037803068658509528,-0.008252552560847448
0.0013483564068892046,-0.12481539035971423
0.001866724403869181,-0.1415124251947475
0.0018210647984076985,-0.13304432662906152
0.0014714632173453573,-0.14623342397437966
0.004125660189593824,-0.008984829253776638
0.0007362852708019154,-0.21713462123314287
0.000652371060057178,-0.10438784751146102
0.0005088732651654228,-0.0913891894786758
0.0006366050581010519,-0.06560667822796518
0.0007652515926150803,-0.017693302028092717
0.004417063504184731,-0.008961790654907986
0.0005181833652288291,-0.054553296322993106
0.0006090164201401865,-0.03756792225881611
0.0004414396901049406,-0.034360000892661446
0.004546408802560398,-0.00823358406614716
0.0003043041241917581,-0.02774973254577162
0.00038512984823269833,-0.018254911061859502
0.000768323499575878,-0.013469070250110349
0.00139802753907068,-0.05657236229787088
0.0013800090579412832,-0.04429414393800357
0.0047130001060895115,-0.009450499735919493
0.0014733499244918293,-0.04674347867783979
0.0014574841337043618,-0.026583516051033484
0.00037002837729007776,0.013943733120768798
0.00043750771421757425,0.007009059149737595
0.00489432089262643,-0.009177168039229855
0.000617277895279129,-0.014830359011000382
0.0009338956044439082,0.005129919758260826
0.0003391474605539768,-0.025181926216760075
0.005060946255395125,-0.008660668447546982
0.0007687841049345018,-0.0038412583824793956
0.00042372750677787036,-0.030995489292152456
0.00045751721279095993,-0.012601654653167316
0.00026071632093138984,-0.002361445766439374
0.00015148597294802483,0.013783151924485537
0.005143356297205019,-0.009836849501041911
0.0006565439817710311,0.01981073774663855
0.0003516205340988363,0.028428044769086114
0.0015138593065410504,0.014032782582674486
0.0005416133307072467,0.011213479607818044
0.005089089997239235,-0.00996004353746116
0.0004624651338208806,-0.02752316070211691
0.0002986703868814646,0.031118639446404472
0.001175680653918961,0.06311235396343307
0.000890673902166423,0.05262567734979484
0.005165564925543081,-0.010048734828430383
0.0015602884348736867,0.037977213809710975
0.0010284357053308502,0.03902251673410717
0.0010133493968026428,0.05619342434694374
0.0006541391289321894,0.03194898259275192
0.005099106784526155,-0.009272513403857374
0.00046501827921074755,-0.05516664509238467
0.0006624296189028799,-0.006623076493298186
0.00035823176855224396,-0.04020139671744971
0.0004893311761985262,0.0020511827053866227
0.005260451121339397,-0.009687960714273913
0.001734056515803206,-0.09841931723985908
0.0010270345661174875,-0.037659677806985314
0.0011963552983959265,0.03584651867808475
0.0013448843816477847,0.07789721740705602
0.005143304871383615,-0.009643364068992355
0.0042053803632964475,-0.014174376004604028
0.002401824722997042,-0.002026341239812268
0.0027703158664672527,0.11733165619563124
0.00236414487711739,0.08530041992570148
0.004810204257617489,-0.010273739831163198
0.004941000404776545,-0.010782185407521183
0.005541594400531608,-0.08594549210604896
0.00554159440053124,0.3166441368337587
0.0007474128711765435,-0.07633640607798498
0.0011488050313259012,-0.020907972147981013
0.00479407603193777,-0.010181142514440467
0.000890358354821206,-0.06876758292520435
0.0008553531434440671,-0.032529805592389494
0.000909488867441177,0.012540924517679741
0.004992613944618548,-0.009969199091344194
0.0006264830404730437,0.011378949380059566
0.0005242184659091268,-0.057960477631112894
0.0006288052162634584,-0.02435021491152156
0.005085400770834106,-0.01041041627956929
0.00499460609057422,-0.04428734307573734
0.005092413671335213,-0.01033666752321949
0.0015373968258066797,0.022086749450721754
0.0012705431909225198,0.053418406032633925
0.0012998007539619413,0.02036260381204613
0.0013171518515342998,0.08816151823809548
0.005024048168558864,-0.010163381437962471
0.00027335873865673763,-0.061155230919411
0.00034630189141882144,-0.023203728353323072
0.0004048160075886819,-0.05913576668059761
0.00010121264743096239,-0.02613954001836305
0.005125823738678354,-0.010412357801797612
0.0028890803034873455,0.0007916904815630232
0.0020627847682200416,0.07791770954419519
0.0005366013417799084,-0.042319101403577974
7.378346698293439e-05,-0.02099773867449528
0.005073434832537043,-0.009990604025247762
0.0004803706901968315,-0.04269811734847906
0.00023831491770347698,-0.021318532313998162
0.0020980803130481057,-0.008244613176898952
0.0020665403456015946,0.034802242829414354
0.005040865005135573,-0.010070184869334753
0.005503896801358115,0.1037752985154583
0.003976341157396067,0.0969916729602005
0.0031681833911565665,0.05618832589560441
0.003167871367337779,0.11474518941923861
0.004684346806119175,-0.010247318661043892
0.006579070831051939,0.2008223575181205
0.004609219022784673,0.15521835714348242
0.0031259643312103614,0.14164362390339136
0.002580237392179466,0.1487619249636083
0.0043553296086519125,-0.010734590864885263
0.00426955103026054,0.14944297834060194
0.0032748796924468963,0.03716967912575342
0.0010591000896991159,-0.1293721045991134
0.0005907799928905089,-0.09458178386032046
0.004330001501154405,-0.008200560894138675
0.0007103717336721882,-0.08027572077972422
0.0010124119714818814,-0.04796006180467316
0.0011877461850075765,-0.017383193551808063
0.0005154813284688058,0.009096998577305726
0.004377579810808686,-0.010573585099919569
0.0010773485972515103,-0.03736322831323946
0.0018014796696052705,-0.003961472564398605
0.0032692208551883518,0.1056719949485938
0.0024467856465168387,0.0824549876256242
0.004240724466409143,-0.00983666884582135
0.0025459836998693824,0.08182320298601553
0.002022604756248792,0.05112870959912641
0.0015651150117480645,0.0687378533046541
0.0030236382058706135,0.05286980869902891
0.004027920803590949,-0.010014641458681695
0.0022475288652209578,0.08398853245759597
0.0014613093443894356,0.08683142919598197
0.0014499299983101004,0.042130856884512013
0.0008861083455197866,0.04821850779144654
0.003980896883869227,-0.010386347701242471
0.0013595355824694846,0.030463385457139225
0.0008675165704466235,0.06790330769366903
0.0014279530804617556,0.003126606843707691
0.0008924331907769618,0.019885822772693018
0.003996194689952162,-0.009700754152405011
0.0006912785256322068,0.02399948197657409
0.00082267915981867,0.06269039673988175
0.0017776130062531548,0.007367146603158403
0.0007116298194988224,-0.018016793105616102
0.003925360875130008,-0.01019103336231808
0.0010704601814173482,-0.011884549258354582
0.0005608859064018587,0.019422764270515813
0.001234878536536943,-0.004177898308086014
0.0011223747146120373,0.03953231513236233
0.003969243756687137,-0.010168094707836417
0.001441112417543867,0.0718494987939522
0.0017728513756093754,0.07522424092817914
0.004060693783086679,-0.01040530484260671
0.0007150524456290163,0.08516885887544845
0.004184047442369611,-0.00982717460763638
0.0007879701771005432,0.07650012875602386
0.0043251543325065365,-0.010935896593039729
0.004658183819902566,0.2763914805958194
0.004658183819902123,0.00223480210041771
0.004159222283071561,-0.011114782461675077
0.004271860016433326,-0.010516457472803609
0.0035410022592483174,-0.1952631513163965
0.0042243537967362,-0.011996337674204938
0.001307509464592888,-0.2340272048254377
0.004263818124639109,-0.011424932426322698
0.004356530729835318,-0.011609380643676559
0.0007828001021972064,-0.21905296224322512
0.007811236892830688,-0.012277317142761035
0.007811236892830605,0.05572846887089611
0.007811236892830605,0.16864561843573256
0.0078112368928306255,-0.07606276534502854
0.007811236892830667,0.0901735507624295
0.0078112368928306255,-0.17651889661360087
0.007811236892830605,-0.0999268730633247
0.000863736649679952,0.11453682597654335
0.0021962408793206726,-0.01332504161074155
0.001920987506466425,0.0340156572739545
0.000979436572729679,0.07383260893747945
0.0008902460334087591,0.04685757669832924
0.0007481711034246273,0.05006213670206705
0.0022134665120576275,-0.012670317569714484
0.0004978925586910253,0.01718298490045811
0.0004711698207654535,0.050502777062220616
0.0003321219655485798,0.029575666868609574
0.00023385465571622524,0.021295431818913357
0.0023601900347215675,-0.012102456904145242
0.0004819813274392357,0.021951862544582923
0.000744226444034307,0.007529840697003465
0.0008397958085156166,0.024351049721019535
0.0006569208475909721,0.05148435383566152
0.0025427111515073917,-0.011387770539840858
0.00022848413511676268,0.03698243345263563
0.0002872002785514691,0.03970390742992436
0.00018062391868194292,0.01987929887140183
0.00022560141843520502,0.022423612118402048
0.0026265414521761555,-0.011286400574789468
0.00029256964982719814,0.009593737378239098
0.00044373528144612883,0.03557112429545839
0.0027294724765054095,-0.011398246125153833
0.00032254147020185724,0.019159207532041478
0.002858657202254302,-0.01119161172175609
0.0029670301649965107,-0.011464306226628196
0.005148497742060094,0.012417668007984162
0.002977169964916117,-0.010772315125137766
0.0011643753690283355,-0.038278772045387655
0.003069702591457351,-0.01182198714720073
0.003163460921206383,-0.011719497847039406
0.0009168304096175014,-0.07518548277387538
0.003236859743640292,-0.013481334411238777
0.0005183454446603341,-0.17475647510303816
0.003295518472107455,-0.012990365787558744
0.0033896271181355197,-0.013738088565318662
0.0007701175234988494,-0.2082741363659295
0.0033636932083647964,-0.0147110764035574
0.0012455187674219644,-0.12050601943759887
0.0035482087029934553,-0.031174837353006524
0.0036120006921374157,-0.011945808779515232
0.00015430165261591045,-0.1053815011549517
0.003567858321178114,0.02541148569599727
0.0014849757573779903,-0.0225048702546502
0.0037175859102378654,0.01529481861872739
0.003804047581195657,0.06953611197357645
0.00060245663744377,0.11597299463858235
0.003650379980221224,0.5574717691111033
0.0009231061694086464,0.8008724959251765
0.0036475763185984016,1.009176381959847
0.003638529922922257,1.1842759371830738
0.0023488578075310878,1.16983946371856
0.003667304868701207,1.3974183357891405
0.0018204812550532234,1.3832817008054548
0.003427255607625435,1.5731627138094666
0.0033997613151513905,1.6588401478413033
0.002846303567787595,1.6627105032695937
0.003270617831542026,1.7836012738941207
0.0027068808618038866,1.8294913082395254
0.002740803531813343,1.2778218188160224
0.002972666311579805,1.1000083409845018
0.0032955583745397465,0.9679711079316746
0.003401662093741767,1.0408983186968896
0.0026288676269451503,1.1109768642841829
0.0033196670013724595,1.2331796660955092
0.003286093273173999,1.2923400809081471
0.0015223892406344994,1.342817258465118
0.003299013337347946,1.285661708180399
0.0038869900951765428,1.2040445987560275
0.0033279088028371124,1.1945577048253284
0.00339750334804842,1.166650779651846
0.002357675126051418,1.2136832829202433
0.0032430386985049945,1.1359495513768394
0.004704368182869955,1.0595595147258479
0.0030078114967529504,1.084024917162651
0.003060737329468288,1.0445446183717024
0.003573482894879953,1.0462103339246056
0.00319919271066937,0.7839936427578067
0.003397735716620695,0.6502690391555745
0.0035398973148948617,0.5755223996335417
0.0038044153295873923,0.48437634204435653
0.003905749863982296,0.4049765091679234
0.004189760136332309,0.3546513490650227
0.003919918621604083,0.3727038821753723
0.0044176034226715575,0.29219995648304575
0.004472566377372262,0.2992016271266351
0.004226965814860794,0.40692491510701956
0.0043998436335852065,0.3592883928631636
0.004404883766911462,0.3903175887389665
0.004839843489205132,0.5389289757358
0.004347036346753956,0.4533878863138696
0.0044649714444775935,0.46985575545587466
0.0045952333999481915,0.4836004540133061
0.005081236488296655,-0.20362105317644108
0.005081236488297016,1.743835352562371
0.004376996687227447,0.5019864668804388
0.004454778333430299,0.48840466630706203
0.004484282997314037,0.5023093460680599
0.004493763789964937,0.5178380411095631
0.005445246367245518,0.7906650504600492
0.004322543811229661,0.5422640489464783
0.004370523080822228,0.5311844478422572
0.004817171472970332,0.6418653512380672
0.004631855459748273,0.501457597500945
0.00472099332768014,0.6616098605188867
0.005007227276647244,0.4095380932510011
0.005310542439337046,0.3711305738146251
0.005612408484777256,0.3005130137113028
0.005889612041552527,0.20758230453229487
0.00611723769359995,0.13249872721765144
0.006286087813576911,0.08972138252973849
0.0064097088857450885,0.06297654776932404
0.006512614375195259,0.05096150147072365
0.006567949147184387,0.055205669700804094
0.00643044183724756,-0.40665559949711394
0.006430441837247155,0.11888342880335045
0.006430441837247502,0.9093701930819833
0.006078165265933489,0.04050241764934981
0.006055502704152618,-0.013936394257996199
0.006015400319180784,-0.06836524023488266
0.005962770580862517,-0.10815317203766739
0.005901156242635882,-0.12039722243772388
0.005793408754783287,-0.10130375366153999
0.0056434500972366115,-0.04454659100115066
0.005515372335572661,0.008615810813800806
0.00538303455311222,0.03445223868500591
0.007865766030105657,-0.010904244958894083
0.007865766030105657,0.12917815394007448
0.007865766030105326,0.0891504064976445
0.00786576603010537,0.05298418274037431
0.007865766030105945,0.41608521217119687
0.007865766030105657,-0.03945659154810244
0.00786576603010537,0.25368605898938057
0.007865766030105616,-0.023058735942605324
0.007865766030105657,-0.19188291599795093
0.007865766030105657,-0.0393986621962199
0.00786576603010537,0.12235316320290224
0.007865766030105657,-0.16266464482858112
0.007865766030105616,0.39989615966457137
0.00786576603010537,-0.04693961132444002
0.007865766030105657,0.08795087864878326
0.007865766030105657,0.1590567752334664
0.007865766030105636,0.07430623977580098
0.007865766030105636,-0.34675452992826905
0.00786576603010537,0.3046881643824477
0.007865766030105945,0.10123405963316401
0.007865766030105347,-5.1867343441581895
0.004141394088951176,0.06588428534773527
0.006436952511864529,-0.11788917662927645
0.006436952511864597,-0.02151469319797883
0.006436952511864688,-0.17169018928576918
0.006436952511864529,0.22857788535240786
0.006436952511864665,0.831959592164651
0.004663917773717762,0.06757307955351877
0.006377610602725728,0.18812444544020934
0.006842316128329683,-0.0660021425422812
0.00507842741407217,0.025218262398873037
0.004028409922041297,-0.16087521582448971
0.0040284099220411875,0.1522199858274007
0.005362271906570923,-0.034788253585226414
0.0053720837670312325,-0.26310708570785835
0.005967102647013875,-0.2627894485031135
0.005671812496900776,-0.09602491666532842
0.005853774337980562,-0.45877795897556695
0.005154070721284287,-0.38022918584507437
0.004826372965281482,-0.1271521161403939
0.0062022711969084736,-0.42058053878200496
0.005909552690348046,-0.18280763547466705
0.006118002043151028,-0.6639211963169345
0.005996551092086188,-0.18671918790479225
0.0058893335785978294,-0.3633952083411742
0.006436564067885899,-0.37252539568753207
0.006084776166795275,-0.20290927146034932
0.005882938466446896,-0.38872845131812994
0.006311311907995024,-0.24845551124443688
0.0060391737845503154,-0.32085903547594796
0.006610235169795386,-0.371394075140941
0.006754074473974964,-0.24218061192073037
0.006318845226779972,-0.4084251825247094
0.006883383833551617,-0.18705044632964274
0.006129872592476925,-0.22702019266792206
0.007010717010406259,-0.15037355579003986
0.006096932425408715,-0.16316185652573267
0.006806228397578247,-0.16836450649373802
0.005902384009872706,-0.15538352387984844
0.007109917721042871,-0.05040014205523846
0.007146387199137721,0.8196386583017983
0.006914009618159387,-0.003077102396702003
0.005501851506538545,-1.4323965281710045
0.007080206211686241,0.05763298074830203
0.005627458573814655,0.036415920443175764
0.0060935488018067675,0.01739794394202221
0.00702396184499873,0.07591588988077547
0.005409992329014954,0.035270503159892996
0.0069243295704348624,0.08506523732704352
0.003390696831036274,0.4006433231878006
0.007440188236865985,0.10962279059366864
0.006762083702528441,0.097813552285686
0.006734538588500336,0.14212538909033867
0.006769604124319253,0.11933916050253401
0.006117077079782389,0.1193320815822787
0.006199130342233542,0.14630411860319725
0.00645735131458716,0.11274613124772515
0.005207665503850887,0.10629619712009486
0.0060406226500254795,0.08932708697587799
0.005032981720610611,0.021032084928151562
0.00516957957671605,0.03828467634892263
0.0045013406891726325,-0.1352291395703844
0.00450134068917239,0.30109916628872213
0.005549117136986835,0.11940184383615815
0.004151993376680618,0.08536446704109579
0.004628313407711179,0.060494069588159505
0.005718128102797336,0.0986009036345763
0.0037852159779859147,-0.08591535586705135
0.005816003438788556,0.07356687852774257
0.0042354629026824225,0.061589106543422645
0.00443720914539761,0.05305551340043735
0.0058481762114356425,0.06808512017128265
0.003715468476518157,0.09516325104267764
0.005892048879634287,0.09372877878583097
0.004103246032106823,0.11972219131502726
0.004173844750347054,0.18184622403368422
0.005905092463289693,0.1341011497190152
0.004486451827446699,0.16621949208375497
0.004174696755454278,0.14116418532007202
0.004652565233288218,0.020804557822806657
0.004652565233287804,0.35518577895216197
0.004877404432687452,0.13609627612045472
0.005306107895623632,0.14187695092727637
0.004397324754893737,0.14484828674792283
0.005265572143651575,0.17861328962756318
0.004576924731738653,0.219553980440665
0.004660120384710972,0.2530065263159287
0.0052806296026137855,0.23118064126699522
0.003750785651033698,0.26020637025965243
0.005432649537748382,0.2304310385763415
0.0043389516014818155,0.20578789761314198
0.004699092784782893,0.20154779075790685
0.00573604611208802,0.168288110303763
0.004000810417902896,0.1682072835900854
0.005799209687534977,0.12614159505568523
0.004549722189321047,0.10381864222730286
0.0048646819012139785,0.11875266144198093
0.005807318486186247,0.04744566862691357
0.003693436475695814,0.09942455724402066
0.0057211083716356085,0.013748909342176319
0.0043809292393281645,0.05868938057762563
0.004503077170113828,0.11487832659180697
0.005689241865134499,0.041074354568316096
0.0033228981326546532,0.06842427290338549
0.005691613918740317,0.046687527797246275
0.004426599823792605,0.050515968949774503
0.004692539717466421,0.04724633994358385
0.005868847331461118,-0.03452022435903501
0.004122519739188703,0.017369832544417818
0.005949722682613038,-0.09383898771673671
0.004793156475643274,-0.08249193713179181
0.005093941892090962,-0.05018883079890912
0.0059339910684124185,-0.11828013545487437
0.004521604250705828,-0.11142267082298929
0.004023918736753966,-0.13633414655070908
0.004948016016546574,0.09631015520293573
0.004948016016546122,-0.3950999535969473
0.005489134175805808,-0.0727064172797185
0.0056790007923931,-0.15292678754730105
0.005189269794489407,-0.07113528722551621
0.005762661277569636,-0.1656026028263895
0.005477938024475987,-0.16090631219678642
0.0062740482943629055,-0.26092326274328315
0.005731737781860017,-0.15219314344611234
0.005109847747242524,-0.009135035197758157
0.005645318857248001,-0.1247152687862112
0.004991875198760625,-0.09644848033871511
0.005184191065151858,-0.06224630764376826
0.005453810136042302,-0.05757794406139993
0.0047624413907154765,0.11775584809718254
0.00543949455372476,-0.023556274094261198
0.004641749885549523,0.08317926584214064
0.005487256600524675,-0.005537395441500337
0.0043017509225895265,0.05106618209651259
0.0034960348968511475,-0.033638514023060395
0.005302473856606946,0.007625762217372767
0.005107525134544204,0.027738666811067958
0.0051549747817035835,0.04725066414465573
0.005329326880573085,0.052255864024942866
0.006023944388853625,-0.022767152265259938
0.005426653204324034,0.06960256821792399
0.005013209052094441,0.12128889985837787
0.005172491952627678,0.13715712321192086
0.005597696758489103,0.0850604198567737
0.00580472333535373,0.010099899331024176
0.005699466378530784,0.09813341439996037
0.005280628182328187,0.12210479338470037
0.005394774137996962,0.14016083515615918
0.005862032412056218,0.12640903213628008
0.004851248602164246,0.15460567458634245
0.0059584993077115315,0.11973274379189291
0.005145600062189293,0.10406204421498444
0.005316409784807655,0.15893293445110857
0.0060182849716510145,0.09207213183830731
0.004125627709815888,0.15436538973263936
0.00593403420954071,0.10167503289742541
0.005064235085380694,0.09257377959909263
0.00533894231098221,0.1093641180852245
0.005958848294763195,0.10574273199581796
0.004174007666499842,0.13399637706504564
0.005982772350674996,0.09882324412715349
0.004957079079457867,0.07673526694527055
0.0052968990928655155,0.09355030313425061
0.0060582760749246165,0.09274336052902044
0.004687528666578619,0.08182894818176578
0.0061680068903983256,0.07347497977693251
0.005085592197571431,0.042203234962912006
0.005332902493014526,0.09631476220285862
0.006410067862355506,0.0405090516883817
0.004190278511030079,0.009892418762987631
0.006481894321878308,0.0498300612358733
0.0041542267631894,0.39676747001152535
0.004829610750360948,0.2796344206416279
0.006807428442517595,0.0562270719539697
0.0029433314458279535,0.32200320168877994
0.006979915328999556,0.01801178446308427
0.005106489988240298,0.08582608511926537
0.00565412177088536,0.0833847027111645
0.0072354694388134235,-0.01136535241121095
0.0036414866469616793,0.09493561404650563
0.0072458526758413435,-0.02297831878033918
0.004968170387577453,0.12325822476181258
0.005943974512058344,0.2394866759718468
0.007147510055956615,-0.0005149506000705628
0.004119263040884839,0.09630681350155612
0.006893413160401765,0.05546523650881596
0.005544223390159973,0.09944136677010817
0.005661509516021373,0.14859778514743738
0.0066599929429394175,0.15675952625588963
0.0040493182142180215,0.16524776691278475
0.006586117596885297,0.19181382232891053
0.005231424758132438,0.17786574570235558
0.005562770892280272,0.17969452178878953
0.006816360979290662,0.10753094655296991
0.004702869336904847,-0.009817857881685654
0.007005221481152726,-0.00550935786793616
0.005431768956794821,-0.09008022613620881
0.005855858263311978,-0.09332026573706997
0.007155020195638998,-0.11525735965266648
0.005433032486558223,-0.13729264581020573
0.004395911395831591,-0.1391957946077511
0.007019775637440543,-1.487837844171466
0.006221241837446877,0.04445476997199904
0.0065070666970612045,-0.12291265503392879
0.005759485133238657,-0.023216451985703657
0.006506989549707424,-0.1150660685772209
0.006007517374090473,-0.06008205604312167
0.0062506794030732105,0.14610171355619883
0.006326455247608676,-0.029611637312875416
0.007327903178945758,0.24915957130185262
0.00621107373970076,0.05129226777302165
0.00540806333172969,0.09193292899340122
0.006379936833543036,0.18171250571796094
0.006266600114894895,0.10398116936201518
0.004134159406699217,0.19377287557397693
0.006438710818168477,0.0703897681129817
0.0052397420738047994,0.0810148164147435
0.005392823564701696,0.07150006907860984
0.006545609902827747,0.037430529705851256
0.004444831717849459,0.0697452168995838
0.006509363256110347,0.04543714457670234
0.0023108067855190017,2.2704444310073697
0.004655237265704155,0.68661708180489
0.006985216460496988,0.12700732854531083
0.0030117577923867277,0.05004699545224156
0.006810727200526893,0.18058764730713506
0.0047090208111666585,0.09026848931990372
0.005215016203234569,0.09212996074661106
0.006915308525293654,0.11662798374022287
0.0017350423625953765,0.16022603506735322
0.006956083093235597,0.06687558850200759
0.004151746259105974,0.015817897881888143
0.004678855094999344,-0.06573116646870147
0.007122039314690561,-0.02988594719276705
0.0017379887801709985,-0.24927684073653467
0.007142638868093492,-0.09534762309390743
0.007285384615790757,-0.14061169842868537
0.00290265481929909,-0.32358984060673635
0.007213600626594102,-0.16856653215874928
0.002323883387780095,-0.3553741321892119
0.007175767067010878,-0.186954168247901
0.004732086326346943,-0.23629101786026752
0.0050595355518072305,-0.1311373096844619
0.006865860179176467,-0.04971663214237054
0.002559823822062734,-0.20734808484938583
0.006651797050421804,0.009607199627097884
0.006621996451222121,0.03936055548768991
0.000818636060774313,-0.0281610780537207
0.006477293879391329,0.042945321624245025
0.001973800648495135,-0.1223620111999395
0.006368668306639949,0.038412955488809075
0.006430164072556824,0.028121953425014112
0.0017956592104292639,-0.005758847081104079
0.006379924764446808,0.016702696101170034
0.002059559418904972,0.09407612792082176
0.006354757666504618,0.015492888069751132
0.007376702040885188,0.5971130397145359
0.0064640069616299315,0.02682015315082964
0.001377123451256348,0.01565947581546112
0.00644071315927045,0.0110812945001868
0.006572810738184959,-0.024109425163437948
0.003389232951568926,2.7565685452513975
0.007078481334297786,-0.08799739373517923
0.0009946436547827709,0.7105735362096937
0.00718081367255841,-0.0691831773297551
0.007245336776161504,-0.043641980635534594
0.0011219848483825776,1.1924863023965386
0.0073099078653565365,0.016974516258734695
0.0020337583435598616,0.27250330729471983
0.0073433336435165105,0.025732817638214556
0.007495345822575528,-0.008243403593482412
0.0037967420244204,0.010001369537292248
0.007654894186074511,-0.05189649579400424
0.003770366825655253,-0.19482405339554987
0.003005016638889019,-0.21565326903061077
0.007586934624734627,0.014780967302812087
0.004563523994677715,-0.0810081535452909
0.0045635239946778495,-1.3894253475155907
0.007202013607318595,-0.029476757434444778
0.004586818069206419,0.5326982155249809
0.00759382597904395,-0.08335926283785255
0.00777237183876308,-0.09685211449313869
0.002652685620272449,1.8557784129188875
0.004086394560000257,0.11902504515960288
0.004086394560000257,-0.20127598283346515
0.006700009029844811,-0.086361938340346
0.007024777078313588,-0.10748129821669039
0.004227206760971187,0.055669438684887496
0.004227206760970965,-0.11059454108414002
0.005675101849306414,-0.007650259191095188
0.004248128293731311,0.1193251626445857
0.0042481282937310814,-0.11183051814681733
0.005545479690703229,-0.11121330119502915
0.004304826186967243,0.044241793137388186
0.004304826186967465,-0.01800701122449766
0.004406175495823934,0.197873432103151
0.00440617549582394,-0.19380846830998877
0.005038619255311957,-0.22624107194696563
0.004545099008822601,0.04948229618138811
0.004545099008822603,-0.12262361671965749
0.006972926215011897,-0.252227957794247
0.004698594523897512,-0.24018593832520452
0.004698594523897503,0.11540930337083921
0.004778310815549773,0.034685278590991686
0.004778310815549784,-0.16776678832267322
0.007282058294191399,-2.1790378932375347
0.004675946134206357,0.1383461940224322
0.004675946134206357,-0.25058855474931363
0.004106264969531373,-1.7095011721240354
0.004520516618706334,0.02040068352321356
0.004520516618706306,-0.10074974023257965
0.004546882998274821,0.21714022818436973
0.0045468829982747904,-0.2766797116246309
0.003778248933037643,-1.403346097557538
0.004390666691972841,-0.09971753858135202
0.004390666691972841,0.03729977030881315
0.006479123706181194,-0.40014495730267896
0.004364084239562666,-0.19750433178072768
0.0043640842395629275,0.11968238561511413
0.004383038130110229,0.22954507235787247
0.004383038130110274,-0.3189708228441077
0.007495803892845616,-0.5856007362839151
0.004796173996009682,0.19253271433838393
0.004796173996009748,-0.5484580971005713
0.004397681661966914,-0.33041175246023613
0.007746290596149942,-0.02979697458998487
0.007711683149611266,0.0011268597228308863
0.005440287584310218,-0.4448108341920829
0.00749314333240732,0.04574294489039232
0.006996317674319824,0.0207603525214779
0.007494879585423648,0.03629172367360667
0.007509057264397369,0.03099874542819947
0.006725113828032985,-0.055584961190639604
0.007434755275057794,0.04154758274034265
0.006111981675365304,-0.014996360437258716
0.007289363895430067,0.07746540377208788
0.007234878298907319,0.10782803031216304
0.00611508928798269,0.078921085941559
0.007070119730244913,0.16617240177460957
0.006516987801123921,-0.7841287265318542
0.006400148279532149,0.22202360355776563
0.006382773770078352,0.2334630378904734
0.005839426170438372,0.19422440296524712
0.006406402812811577,0.21257972283310522
0.005619497664382596,0.07340318356217068
0.006461640813291759,0.16084099877986802
0.006513929075450617,0.13442939618047944
0.0056076155360367304,0.015684654048769175
0.006547464012883148,0.07486605998806795
0.005801180914262278,0.014910577101098
0.005749833128013231,0.025104459590274075
0.006378325955922859,0.09631645438285119
0.004717833613005106,0.004885300637027967
0.006152590511321272,0.15828484299601797
0.005082007182206691,0.042192334558308175
0.005958340456872097,0.21858137735681282
0.005949804030386272,0.2174524792400092
0.005026339920856949,-0.00369221407021314
0.005934111643708651,0.16427396225134316
0.005136191682560193,-0.03579692864268935
0.005981706278312217,0.09982282483898786
0.006035069842180833,0.07621725162888282
0.005267635617618104,-0.08537982588701709
0.006079692919876826,0.046929753135422914
0.005547990266754353,-0.08772662168463796
0.0061913110889374,-0.008342458652982998
0.006297682430862878,-0.0566103737473469
0.005819710044323515,-0.19437444748190558
0.0064470321854322955,-0.14709808415812375
0.005944091604273982,-0.24961705428660963
0.005593532425936176,-0.22706811745754152
0.006403228014056734,-0.17142256476000028
0.0045563280171646145,-0.17689859433123445
0.006202731414465781,-0.15665438840479595
0.004870936768220287,-0.14907150400771485
0.004993796151226,-0.23095768704648378
0.0058770404967126355,-0.11726566103461522
0.006365294180161606,-0.1309643189747831
0.0057458854844142145,-0.07745836569388587
0.006064522157598088,-0.04571294083433486
0.005607575233556823,-0.03469701537981251
0.005524700987383866,-0.01146016164203445
0.005977532935919419,0.032100393156014206
0.005326207374858761,0.055869947398164754
0.006012295568249956,0.10735201779225179
0.005129047182469825,0.1008580621136872
0.005067781565931869,0.07940925699253398
0.005838904777439052,0.07424412969294991
0.005066367238959228,0.0007941797077748447
0.006058450709546276,0.01658947399590005
0.005089770525279059,-0.06396755396951903
0.005044950941287756,-0.07350220446141265
0.005212839916974215,0.022143369527924506
0.0049493615749912935,-0.05095035783965329
0.005410659848853829,0.13119875709153916
0.004824461524356995,0.027533214979349907
0.004725624191575083,0.07868199877368909
0.005521964324404857,0.1743789420105486
0.004608859511853201,0.1807501280679773
0.005350566418614036,0.24625397183233844
0.004583561170094738,0.24874773271574213
0.004573603065417862,0.26937634712233205
0.005196167145117625,0.37324170152339775
0.004743568277151729,0.23409177851705465
0.005605990456645382,0.2907068687360095
0.005060228552150705,0.12575342037236936
0.005215928392913321,0.06444051224325875
0.006345215599173879,0.0328101744810354
0.005460356856470147,-0.014031177961669528
0.006006972115800145,0.027611897336548452
0.005611378618485821,-0.042058066872783684
0.0056754979517218695,-0.05816919733892689
0.005740104528665041,-0.0783018739360557
0.005808690902432341,-0.10706803529282638
0.005867096385777146,-0.1365022010568424
0.005907830143123633,-0.16265046033640118
0.005925899847280623,-0.1806130666980863
0.0059084314331301156,-0.1860364992875887
0.005862837879389127,-0.17813702175329382
0.0057801703262101035,-0.15600401720672608
0.005692461418402348,-0.13196657518616917
0.0055944676243588785,-0.10099939910915623
0.00710452603196644,-0.15642813655806975
0.00710452603196644,0.005035941190890014
0.00710452603196644,0.023642857384608362
0.007104526031966358,-0.2524430803552349
0.00710452603196644,0.20356547728650298
0.00710452603196644,-6.6534936397673405
0.006261442086292941,-0.6931574174263062
0.0027852240484384162,-0.07842284045318593
0.001834352746883737,0.12378188716369465
0.0014832589119907515,0.2188355570461411
0.0009418306641855938,0.19495331626544044
0.0009774579274832568,0.08898947083365272
0.007019249821423577,-0.11755277117388374
0.007019249821423665,-0.2157469367233702
0.007019249821423665,0.0532954507982879
0.007019249821423709,0.21599389361079346
0.007019249821423577,0.14609860975534872
0.007019249821423665,0.1212446049417295
0.0013676801526673393,0.14978959466849062
0.0013188089323325142,0.1684641531995652
0.00796239662413265,0.957067519463564
0.001438854057922397,0.15261910222142205
0.0072942988392001125,-0.02224188413246253
0.00729429883920006,0.11299632619164868
0.0072942988392001125,4.031852342929724
0.001633703155411008,0.06405914191987705
0.0016420109622046005,0.025846850763727502
0.007396782671465258,-0.05723682484928361
0.007396782671465549,-0.2011806983106581
0.007396782671465079,0.7846216342072196
0.002531616479642889,-0.08483900820043289
0.007244765136903327,-0.26702832624681605
0.007244765136903134,-0.05717986974921985
0.007244765136903327,1.2234032490871556
0.003709854983688761,-0.18151653956887515
0.0037717765045135773,-0.21745996050722738
0.006259158880304003,-0.22262684709512826
0.006259158880304003,-0.01726200208036488
0.006259158880304003,1.3828307114212919
0.004865784623264723,-0.2123796775932263
0.005389280100347364,-0.02761680801874178
0.005389280100347364,0.3998992398841139
0.005233561884605982,-0.11152678003663397
0.005139976750920162,-0.05796556198900049
0.006476047686668096,0.007012248737751747
0.0064760476866682504,0.1442785337969994
0.006476047686668096,-0.08625857438071449
0.0064760476866682504,-0.11912613978335429
0.006476047686668096,-0.2907041737652989
0.005846837521258765,0.014278146155518812
0.005876114409672059,-0.13805479746368832
0.0058761144096720975,-0.00506574519787506
0.005876114409672023,0.20472697981237786
0.006397180785314752,0.04770502513411401
0.006332352011693611,0.04969129842432807
0.00620971265438257,-0.17448683218020022
0.006209712654382671,0.2186040615315008
0.006735103933867754,0.010713334203792613
0.004874477305311884,-0.20916337650709949
0.004874477305311793,0.2024018540883361
0.00697381416442956,-0.00948330123904384
0.006978493605356376,-0.00427710468530762
0.004198472103039369,-0.01797865096347806
0.0041984721030394676,-0.016831792033393356
0.007051220603555154,0.015385904109372461
0.007174448689620612,0.0044997229286423135
0.007063948258587417,0.03548857206964584
0.007087641074433799,0.038518575753066386
0.006644440984763015,-0.061061084758030404
0.007097091305598372,0.02714244416825551
0.006901834248951517,-0.07019948864146386
0.007088680342630802,-0.009179839935761436
0.007102881105579635,-0.03682684190945906
0.006938933923882022,-0.12108248632114993
0.007039065918145711,-0.06498429428639696
0.006739203884732959,0.48344411010893396
0.0070416879368515465,-0.08873030749978028
0.007019584318177204,-0.10026531082035461
0.005825196734875185,-0.17746568771204352
0.0068739927989488105,-0.11721382266670588
0.00640040319042477,-0.13219836920606554
0.006715901205348397,-0.08822683106518525
0.006648213369018783,-0.06409773219101567
0.005939905218099011,-0.09524419582532317
0.006485153814675505,-0.021097568001742673
0.0055993772868060615,-0.04763395587690411
0.00644803675547835,-0.047225356964531784
0.006500007692303171,-0.08067726220676974
0.006155917234661314,-0.14342530668116638
0.006565414838378425,-0.15143446400330163
0.006431314018145893,-0.11726933754709279
0.006614542916936892,-0.20114619905158548
0.006590158799300656,-0.20461507238280063
0.006573147267481584,-0.1466074561702726
0.006493214304179396,-0.1649628220451831
0.006521037494141555,-0.04652925778511019
0.006387119068876021,-0.10748251550606369
0.0063331263211782235,-0.08788510350342449
0.0065751031170620845,-0.01594455397792416
0.006234290978130566,-0.02209991751365692
0.0064632012192101735,0.052665586667771436
0.0061517555218002905,0.016898043149943476
0.006080756860786283,0.036818402786231275
0.006225435004881205,0.08178159892166548
0.005963171136232813,0.0811997711494783
0.006209615930152212,0.17031332273012367
0.005922315510001143,0.10756161811919895
0.0059152535871254,0.11257680251313218
0.006555182758703228,0.1679410961393657
0.005963212640850558,0.13955159333630007
0.006678726974506426,0.1566541302779001
0.006153998537536392,0.11837872096344881
0.00622281174389841,0.10809841369594864
0.006691784216485159,0.1283696187548884
0.006314416045843043,0.12571575044362504
0.006813101643157851,0.17188707137440673
0.006358631377898874,0.1699114850432082
0.006361614967914989,0.1938132910337913
0.006949906546134229,0.2246515894875145
0.006479421656290023,0.23813881412444005
0.007062805391627318,0.25018031412881925
0.006645739763186636,0.26813293019070983
0.006733875704228623,0.24927030757299917
0.007130182045361795,0.13289195520646047
0.006972962211284447,0.15964963845647162
0.007940832764893086,0.11103485938947699
0.0071968038044676365,0.08599851658283342
0.0072493012766749,0.0709351746582243
0.004002766855563862,-0.0638400088605735
0.004002766855563664,0.1824352676308365
0.007349488417570376,0.10454478618192553
0.007839962308582808,0.21373488277660613
0.007376241997114793,0.17233222494135703
0.007368796713168373,0.19469260409525901
0.007548503494070788,0.24180941823134106
0.007373532192918178,0.20562950933353363
0.007994601491006323,0.21472536556892408
0.007523757638308124,0.11477932916472611
0.007602705110682658,0.05153845942051305
0.004127110369253493,0.05636861980095631
0.004127110369253493,-0.013034704622747029
0.007809401577585878,-0.07143953488553478
0.004134790502552689,0.23877271137655498
0.004134790502552683,-0.2835452984184528
0.007988399401632325,-0.19095491429422395
0.004007982659643126,0.04659887854013789
0.004007982659643123,-0.27755725273967613
0.004229954255071845,0.10785712668375425
0.004229954255071763,-0.28779366424982555
0.00402247001231831,-0.09057281475203638
0.00402247001231831,-0.1750293535718015
0.004184799308210617,0.04327772754854209
0.004184799308210616,-0.22893599170381407
0.004046672213065877,-0.09641746743012902
0.004046672213065966,-0.22621123120949704
0.004052809704390235,0.00729990766058819
0.0040528097043903335,-0.37105612442253744
0.0042149738136789405,-0.22882000681157422
0.004214973813679127,-0.0894757169057101
0.004063003876444077,-0.10119806949411014
0.004063003876444181,-0.3040964474598198
0.004304334472366152,-0.25154919854233526
0.004304334472366273,-0.01763679282016284
0.004003321683302394,0.11788739008169813
0.004003321683302583,-0.47512125252413284
0.007888004183568867,-0.31562581567114734
0.004094515874923455,0.09230130798364655
0.004094515874923448,-0.28279743473092367
0.00765417644165586,-0.22836041811192587
0.004058055846091836,0.11511460732780421
0.004058055846091823,-0.22035033557794748
0.007463102103013174,-0.17682448878169055
0.007342078316117326,-0.1577823615726217
0.007639353703030095,-0.09787371788990384
0.00715466176698806,-0.13244459016381427
0.0075713282850500925,-0.04622310152550568
0.0069918927337309505,-0.11217207842661026
0.006904318938172007,-0.10785075967162072
0.007881106648180822,-0.01249562649907432
0.006807454810720362,-0.11213756817078746
0.0074318569012058015,-0.048572644289698985
0.006693915819608098,-0.11511392913641316
0.006607070152495736,-0.10872419925227206
0.006960077082906503,0.001271690979862683
0.006453807093491339,-0.07394460328766428
0.006845392976301734,0.019296330542132978
0.00630877904193823,-0.03469608557821857
0.006220994213146408,-0.020688156349798703
0.006505496906462996,0.06256245898681811
0.006071277048529438,0.014128299140104161
0.0063462040622721955,0.10032120267994316
0.005913612178694128,0.03483188039443519
0.005821035131314673,0.03765455433033793
0.006169803319393647,0.19632688336626813
0.005663876411080924,0.05697122775701047
0.0057170840469595975,0.16897489620838257
0.0054877900834489285,0.10556191881314447
0.005397727762679436,0.13829183599114714
0.005016016846064177,0.45044319069193506
0.005324728068173983,0.17149677495335425
0.005429973296435335,0.4460760392604186
0.005395765191332862,0.11736506008534064
0.005492489508410622,0.21108923545175173
0.0053833558307063495,0.1543110739475253
0.005481572219719317,0.031644478869928605
0.0056083014362639785,0.07837243689301232
0.005416119644173384,0.054295714250635285
0.005068548510175163,0.17056358230774293
0.0050299523854606554,0.19647212117834556
0.005336164352791141,0.07388483986262884
0.005423673017430105,0.16002667945105742
0.005343613477788395,0.06426940780465884
0.005438774953976251,0.09538508685569269
0.00537831274657761,0.062107513264074043
0.005393270621802823,0.006784041055254875
0.005253886371059052,0.08850442164140304
0.005321421802488502,0.015127928130837631
0.005176800652912781,0.09046840864656502
0.005035511592678594,0.10602413411613298
0.005085329881138463,0.10721619790484027
0.004801520175944399,0.1909599228616372
0.004976013866540099,0.15438362974945363
0.004748236304145008,0.21217593278325353
0.004675630866524698,0.19250437532811304
0.004980145580201492,0.15781283570579063
0.0045231055702914,0.21960355616949556
0.005017830308011514,0.14483654963921566
0.004514965337629999,0.2683303435081541
0.004802599400324696,0.15419515017153884
0.0051563913738196165,0.11299840369891712
0.004646997848073421,0.1931957374536708
0.005268727740166506,0.10349744033709385
0.005036630321951496,0.15034876853655987
0.005047506810297491,0.12393763154705795
0.005478603928009489,0.07601835298249426
0.004684773740534122,0.17402933729237446
0.005598260444102393,0.06956448022818762
0.005211386092010312,0.14321923307668527
0.005208894700414005,0.11505562000117919
0.005774488721956192,0.060627932113114014
0.004952974459857555,0.1749785779808093
0.0059373933674635344,0.0414552008498319
0.005469581793885108,0.1090845713173465
0.0055840316976178035,0.0836729670571188
0.006157895257309773,0.0150517039561322
0.005412917235650325,0.051806360274234464
0.006320043196054907,-0.02309298248081859
0.006041606822692168,-0.01992370590801329
0.005995966727726299,-0.04681061325322844
0.006544628102497523,-0.07947573496559102
0.005627017416002922,-0.0030949629279106716
0.006651529222667332,-0.11305319629943966
0.0061348066799208345,-0.06620244366306594
0.006165813895991255,-0.10168771152132194
0.006762037340920363,-0.17657615585455488
0.005702375820655822,-0.051852391995751645
0.00671046049090523,-0.16655096573125405
0.00613431332750455,-0.04984900418529037
0.005972301566397907,0.010847143436620854
0.006349587703150625,0.020371379371461273
0.00539069568794234,0.1703793823872104
0.006103488592600072,0.16018212328657455
0.005492532111877086,0.2842558521669716
0.005562395167551469,0.2566173085868755
0.006216963647955424,0.1830027464263111
0.005303363649609583,0.31241579038578493
0.006465376245818888,0.13516483253520306
0.0061712235415677845,0.1425704994802217
0.006154179474145971,0.11240527412814316
0.006739080797853716,0.07964614655793412
0.006073205496276304,0.13505714654951362
0.006894016318518502,0.03984869703067773
0.006433358221022663,0.1491080530703215
0.006407821548701276,0.07918843447948376
0.007181443865964523,-0.04996326958801944
0.006166903680129946,0.08742574046856788
0.00735521780778785,-0.10844823514069901
0.006755279120806262,-0.011012290999758534
0.006450973957473193,-0.046744528858894796
0.007478972188743722,-0.12723569595643625
0.006035004971000346,0.022573917048383407
0.007517610258586224,-0.1233297713345678
0.006954209660342337,-0.04590330471481252
0.006892249850375424,-0.033802146645591336
0.007540719992149482,-0.0677648461520377
0.006124037965264307,0.09974397719184225
0.007549873906231913,-0.022656031026592416
0.006937027965923148,0.05548118026768378
0.006908307607511216,0.06363777955834138
0.007633356077113297,0.05232098508666638
0.006352651808496897,0.14699963906818425
0.007661496524831278,0.043711122847184924
0.006912722763137518,0.07166809260625939
0.007004965381784438,0.03840247854694212
0.007833611810652822,-0.012964878338848962
0.006241303870186218,0.05014762652757554
0.007974633032309362,-0.0929551402145492
0.007468019550054774,-0.09633483850370084
0.007489893991239167,-0.14444945449395874
0.004088738466813337,-0.23492271549284993
0.004088738466813557,0.04864660023410039
0.006385996006888793,-0.14650442339241465
0.004079161923728845,0.0315704587758745
0.004079161923729064,-0.2258532237887536
0.007279094037035139,-0.20745705896727884
0.006799808600247478,-0.22427235343067764
0.007975177552882344,-0.1666024611454091
0.00584755855036963,-0.16847711865668202
0.007707061242782541,-0.08349794691415013
0.006850828417060058,-0.0576895261768513
0.006733304092345865,-0.02644376984305552
0.007475922418002886,0.02365825964118784
0.006078977298855485,0.02490277497400939
0.007462513048564829,0.06862250828961436
0.007531811070386841,0.07501290081194867
0.006303939085999968,0.033061137990259226
0.007716432660238806,0.0583160037395416
0.006259628822861688,0.0065170441438482385
0.007921709411484412,0.028863314650784844
0.007036158682121793,-0.0041014581231451075
0.006998706523351365,-0.038345444706877174
0.004115649796812281,-0.19550194189426406
0.004115649796812084,0.173773067765282
0.005523936458722259,-0.127272451960593
0.0041844101137434786,-0.16269763365435352
0.004184410113743691,0.10608482571097255
0.007308280919614389,-0.09346737127928861
0.007197972214450402,-0.13035072812411386
0.004232328023676726,0.2537201745502955
0.00423232802367692,-0.2948651690820938
0.006289067100930074,-0.12682966041507626
0.004207141369148304,-0.13065120719414125
0.0042071413691484975,0.12101299975169866
0.007391596918122508,-0.10984816839214773
0.007287928786699301,-0.12582298315144413
0.004173102592795952,0.017948994716626032
0.004173102592795952,-0.022530275301114955
0.006057755112250771,-0.11834350800172899
0.004162543753523635,0.08736258426345955
0.004162543753523898,-0.11117412797993609
0.007046710792986935,-0.3291431947827732
0.004112083079170319,-0.5791220847421599
0.004112083079170792,0.5858989009688429
0.004093257046655947,0.0612653789061639
0.004093257046656367,-0.01810403448191522
0.005865069972112623,0.09773036516653377
0.005865069972112825,0.10197426047617597
0.005865069972112577,-0.43051690359948935
0.00738810557585599,0.16311319624328746
0.0031642144364756324,0.5836653794733024
0.007055015875247746,0.26913183343132374
0.006997261321402774,0.283826891303967
0.004912923060663616,0.3248708927374082
0.006959366422311741,0.24527792368868262
0.00573562899776483,0.22502350978222552
0.006996748101797322,0.2091566680244128
0.007030542013244752,0.20194939325929795
0.006367083555286414,0.1866524890396306
0.007110374673672169,0.14651627436636971
0.006409336081061615,0.037112494427638865
0.007285770858324121,0.0004700840599980438
0.007367534458690796,-0.053432135168350214
0.006325850535698956,-0.10780862399590063
0.007373138409116983,-0.09505107537469826
0.006635414380428614,-0.13379889648626175
0.007279544079130266,-0.06209309290633769
0.00722238942456033,-0.028595656533696
0.005944109016496871,-0.024012370556718565
0.007107037216731008,0.009553148245544207
0.006756932440094653,-0.045636575528966716
0.00707606359496586,-0.0014972105446489081
0.007099297570886599,-0.020161502783814456
0.0062274760537476,-0.08091210898349033
0.007050861294906056,-0.03057089437744054
0.006629680686126369,-0.04080658458251918
0.006956502713289295,0.0028175506750542922
0.0069688367034963835,0.020993704594296503
0.005736743501325381,0.03710233621955439
0.006728669482148913,0.12518756168650924
0.005461622652655374,0.17132809888926914
0.006701996269769228,0.10464969690960402
0.006730777443950953,0.08471359625685437
0.004605708306004958,0.11753865676126907
0.00670704838211261,0.08096939285176319
0.004418436940819576,0.10470427377664748
0.006671856862973139,0.089768768824527
0.007521282975663204,0.20541629069641232
0.007521282975663168,-0.42331758169741107
0.007521282975662867,0.02055679858106174
0.007521282975663168,0.03226403411087375
0.007521282975663204,-0.22648127005348329
0.005318498378301897,-0.17961323571601895
0.005920872993064199,0.0534907196336718
0.007069001768283828,-0.06804227213728353
0.006972266848020291,-0.03935955604192998
0.006046342448125034,0.0049440994776688285
0.007488813650297937,0.11677892639576015
0.007488813650297999,-0.0398164328726196
0.007488813650297999,-0.6934478518107099
0.005992314494416933,-0.004700625129757441
0.005996195210297862,-0.011349773144232245
0.004057043658872949,-0.1458420502322042
0.004057043658872949,-0.26930800220560513
0.005899830675536405,-0.04033631920511738
0.005915939316794518,-0.04922462838866437
0.007936815927215646,-0.09885533095693688
0.00793681592721525,-0.23543384221172658
0.007936815927215646,0.07620280307485672
0.00793681592721525,0.3511223150500413
0.006494750572577991,-0.0633811185575226
0.00632862267796078,0.381465918259309
0.00632862267796078,-0.0690146684965498
0.00632862267796078,-0.20708528391995173
0.006843053850438427,-0.0662936240926868
0.0048339253717863346,0.056959745876376644
0.0048339253717863285,-1.820961939649706
0.006505974869302908,-0.035572241019828255
0.007165003419399132,-0.39802068170198623
0.006693732740407076,-0.16359456516694593
0.006410063728232454,-0.0007291144247432157
0.007334986025889613,-0.35221648608347067
0.00638096183972312,-0.0033234728469508923
0.007851737705756536,-0.21655524602177678
0.007252306805423954,-0.19854451965515807
0.006450030077449284,-0.048084533796924234
0.007810975867329236,0.3773164616944271
0.006449494941466633,-0.0676848952247937
0.007541611034785404,-0.18094323545309976
0.007271024824603725,-0.16961949882905714
0.006483026530872539,-0.08206638053318471
0.004329972055337308,0.07102468218977975
0.00432997205533687,-0.34226517208630014
0.006528262938944873,-0.09261950457700863
0.007575080857654369,-0.17757847075613142
0.007313558983148801,-0.17102981521002647
0.006567521450288719,-0.11180983151381696
0.004439694724865496,-0.1170363911630119
0.004439694724865496,-0.15694536203223208
0.0040002315557981175,-0.3164847557096806
0.004000231555797673,0.0641062504651373
0.004448232457954401,0.15941689953451998
0.004448232457954399,-0.44774088038865045
0.007612819517104014,-0.26300140209714584
0.00683391322742694,-0.1552671341403027
0.004342790721413991,-0.11384659486521542
0.004342790721413991,-0.2061495315796904
0.006851155377015014,-0.1342745716884295
0.007715479311099352,-0.14174003546102654
0.007301798750992801,-0.12042860055131399
0.006714860236817868,-0.06826959605536587
0.004061070209932639,0.134990435990602
0.0040610702099322035,-0.21039515509782802
0.0065806961637807975,-0.0172367109090672
0.006856752875815269,0.04708158321204792
0.006376594467268456,0.052440692010179646
0.006862472222166056,0.04816681509620935
0.004057400953812603,0.34516784966459824
0.004057400953812595,-0.02984467730927065
0.006303239246609756,0.10075649897211747
0.007206813789740933,0.09602449080277609
0.0069856192996757115,0.057194199081642694
0.006563013484672841,-0.032748530699123535
0.00795955903301189,-0.10871392141443437
0.006721610893230877,-0.11125173425421764
0.004371307012782397,-0.0032937990548163043
0.004371307012782402,-0.1877769346622955
0.0067877363678915436,-0.12553985442911397
0.006775468249501416,-0.11609980269591347
0.004368099615393331,0.03674608974838378
0.004368099615393331,-0.12419373716702609
0.00673238501572819,-0.07138518503123947
0.007511735951163434,0.001517051168349326
0.006610262097677916,-0.013241889798095485
0.0065246685739582195,0.0051748633018675605
0.0040919278158346286,-0.18935694184533958
0.0040919278158346286,0.3553420391848974
0.006431530533239851,0.01231057261283297
0.007755061476223341,0.1048814635229931
0.007755061476223341,2.1581483759753652
0.006850941541131352,-0.0037578182719002484
0.006763386208106138,0.012019487988929711
0.00783953857060456,1.0171763079491924
0.006750744107133543,0.06783985284276639
0.0056318140949433645,0.5175248396577103
0.006481108547154485,0.20866839375072033
0.006305071133619397,0.2999492274153397
0.004448933467697389,0.5845841742305709
0.0060579178766309175,0.439534587112135
0.004100093291621343,0.5373407387628504
0.006004816150391183,0.485402930470876
0.006045598150721063,0.47237258663365367
0.0041287460566132705,0.46916250862103226
0.006157088678913104,0.36913700397184357
0.00457752815392779,0.2874029911413416
0.006470775069494931,0.16830216708068946
0.006571672922475971,0.11878587170160415
0.004024559230524187,0.09210748793189794
0.006608797167412749,0.0714139817630226
0.004513096054816349,0.0793163971787294
0.006486476778652727,0.10453660688424549
0.0051796467302317115,-0.13537118039955232
0.0051796467302317115,0.45136402630620154
0.00623171509297392,0.14913641406047873
0.004682784321320259,0.12717016456979024
0.006189722126234609,0.056497053776311645
0.006193015824297676,0.015173146531253678
0.005151847241524146,0.037239900090511924
0.006071074451857607,-0.010582306020715748
0.005145259274322287,0.04169225017653133
0.0058660122741093345,0.027649244134828166
0.005764693313611497,0.059373147555874084
0.004960267432306635,0.1426959902560725
0.005560515263894237,0.11444442671519539
0.005889141957874703,0.1644759469593211
0.005425155942458947,0.1329706009774938
0.0053773041572893,0.13371934389052598
0.0059164006794670265,0.18491799433223122
0.005287301391069391,0.13898506613924866
0.005992972050660498,0.19407523262141524
0.0052092650153358466,0.1635539407381401
0.005170131236245081,0.17860288903987254
0.005974638482787275,0.24670635173180955
0.005087425282006463,0.18811576143780684
0.005826213350024277,0.2165407880540542
0.005048692603040595,0.1500376727457251
0.005010408765759882,0.14151443823551801
0.005122078581981933,0.16947198665489083
0.004937873226400074,0.16834468890634469
0.005927765599279369,0.24505646229916778
0.00486972873987863,0.20663092880359102
0.004908616505697212,0.1691110455225484
0.005779456808386099,0.18104695774547253
0.0052327241471340265,-0.03564730334216648
0.006077590476496503,-0.1264465866741915
0.0056222472375376505,-0.27465191887088736
0.005666041387070617,-0.337750803759036
0.006549766789741504,-0.30215524758747847
0.0055188766972997585,-0.30591576304711054
0.005980011036779312,-0.19394026581851875
0.005256097411578367,-0.19761273462709994
0.005110332474506945,-0.1430326934621391
0.006017853520982108,-0.05618796784273172
0.0049421866617927485,-0.08518162041341526
0.005873225774648953,-0.010950440726368527
0.004819110291329568,-0.05589443376721448
0.004791500078263428,-0.059657903172571025
0.006183769804900818,-0.013955651731478724
0.004768094483124055,-0.06358422341257608
0.00655239383736979,-0.019381802974784534
0.0047954796423299705,-0.07440591587776879
0.004776578273199311,-0.06905982831336388
0.006893145871080754,0.0013852694814104893
0.0047464588905836705,-0.027995842005282157
0.007014241298957375,0.037322609183512157
0.0047062617861740015,0.01935601882038185
0.00506793303527189,0.07398842894196633
0.005067933035271567,-0.6720744725721985
0.006023295314397732,0.08606986390164195
0.00602329531439751,0.007837995476180026
0.006023295314397732,-1.5880887868348381
0.0045348482885318765,0.012419589286942312
0.006275341843278425,-0.012741316980189765
0.006275341843278109,-0.6528678917786408
0.005625636763958441,-0.3881642418498288
0.005625636763958441,-0.11667760339855704
0.004567010619650611,0.02857322586046962
0.00452138673417795,-0.03797665095932956
0.004521386734177616,-0.4625152934346346
0.004165182859131308,0.2883318682932128
0.004165182859131308,-0.7319942618042035
0.004116591126162332,0.09847033121807414
0.004116591126162671,-0.4644857804710938
0.004517139913706192,-0.023241125295200504
0.00625486154922733,-0.25790070155337474
0.0047688036497636815,-0.046503828704324235
0.0047688036497636815,-0.2791073160457529
0.004467218373887727,-0.05348525115235958
0.00759429061861594,-0.512598722358419
0.007432286660241332,-0.38284684535418023
0.0042286670476642035,0.03067921015279751
0.005006322927059227,-0.09543617615749156
0.005006322927059473,-0.8920714118450377
0.003944059456955454,0.125586868925609
0.0067649981522540535,-0.20586830746202622
0.0036572352945905815,0.2465365116038214
0.006235908674764401,-0.21070364414599396
0.006198544667903738,-0.07011977412059878
0.0053614761027166976,0.32062425263348615
0.005473910850570832,0.2825530448733815
0.006912792561621111,-0.13381575575452587
0.0036361457616547297,0.16212244849678825
0.006711426450464675,-0.2232756358511736
0.006369950078297329,-0.31815659878432
0.006457395914763262,-0.24527138581405694
0.0034669043828751927,0.0662283113405806
0.005285628912438193,0.13016513737113655
0.006967639485507165,0.1782073089419285
0.0033479965651117397,0.15452407599082107
0.0068629647383618925,-0.32932333004792014
0.0070452804060591205,-0.13706348317855088
0.0031450691566324396,0.2618975789966811
0.00628694083000612,0.08337539999524779
0.006619747200611319,0.11384821399742862
0.0062890358561547965,0.11955902363378357
0.0031424961416045578,0.2827102429759236
0.0059142412869275345,0.09483263960503763
0.007724651772086733,0.08637859720706587
0.003041673388120491,0.2515936873779694
0.006567359438922112,0.0971333529684415
0.0067656847399210586,0.27169670347115016
0.0028543049942148825,0.14934393954013814
0.004655341555675462,0.11358909725508681
0.004397144982827014,0.1742763880753344
0.003989938596018783,0.0413014455892835
0.0045113308457703175,0.1281227277818786
0.005735668226109329,0.06673842931927254
0.006529020753528076,0.25047176632754997
0.0016730600706489698,0.1004571926937814
0.00609444870353341,0.21304035576755354
0.006665696062677967,0.18873934646846635
0.004652522971463985,0.08290743651661359
0.0035406413260877134,0.08949599766577165
0.0016092060154000339,-0.009715999115691432
0.004118143513769356,0.011407760054083838
0.00490798909941738,0.011500512638853877
0.005144568106265156,-0.10267949794748432
0.0018100621536290232,-0.19004382988541835
0.004838399012069984,-0.09998861222877053
0.0048126620492196385,-0.13329608420996664
0.003578998882369335,-0.3331248635874786
0.0039197230769532024,-0.2821241124911964
0.00447825859012179,-0.24704524399006544
0.0015347058350054564,-0.24615280780257365
0.005610530277968396,-0.15308363285110715
0.0014300832143620038,-0.17776351390160983
0.0044262103994275855,0.20601037779582043
0.0044262103994273765,-0.12644983937801157
0.0014622072356542772,-0.1018651641898245
0.006117136748512185,0.040438229521491564
0.00547405014591588,0.05335394704434293
0.005582403156347533,0.10139349960491728
0.006119725892554295,0.270227318588681
0.005597756782855207,0.19984462279036563
0.0018132151003123524,0.13744929028138841
0.005240343500191666,0.353979899674961
0.0019936298553141626,0.29540420441921356
0.0041825664668957,0.06334336001506813
0.004182566466895597,0.48081809805755427
0.002180498337536822,0.5223521144257361
0.0025783409394413625,0.6083223811939931
0.0034087483039965598,0.7226421408435257
0.0031926561042494865,0.7133288891933063
0.004743833075688917,-0.09340707926510561
0.004743833075688917,0.8587314400178201
0.0035212749111649968,0.5598301205759029
0.00526142205111889,0.48254434693142656
0.0038738260157111255,0.28551870953807423
0.004692530767080773,0.3169222431041163
0.004268978800603348,-0.06873735724249741
0.0024405417431381223,0.07698836208057003
0.004060988180233932,0.09826891388183867
0.004880892234008086,0.16480453620029323
0.005301499033292429,0.9063776297594544
0.003102710105697932,-0.516051147833771
0.0016209879703439835,0.02146277068401048
0.003083480663146834,-0.006623156369371941
0.0034857819782653275,0.013324806404597211
0.0016103446836001805,-0.017153987701064466
0.006582225763372167,-0.14168053696948846
0.0017450343836153885,-0.11805106473328664
0.0019047375147248342,-0.30381909317076605
0.0022018401395196966,-0.32404354335714913
0.004219840992264998,-0.19687443336326993
0.006064042298665189,-0.18642096652936857
0.002202314464375864,-0.2317538850001739
0.005590162877770152,-0.08862190474511067
0.005423027659896291,0.01942222485293854
0.002190005707755212,-0.11069345577426759
0.0026025012968297514,-0.03382242349593412
0.002263970406166745,-0.026732866600319483
0.004753969394095826,0.05864703027393148
0.005342399928870933,0.006902794896973319
0.006018300507618343,0.13432872642464844
0.005385404348793107,0.16354384413672562
0.002409879665045374,0.20286073495392998
0.005337774161577048,0.25667370821096114
0.005227611787422676,0.3194741075865153
0.005692042515652894,0.3599115654110179
0.005273342203953744,0.30992692302845626
0.0030268427445111932,0.20954516508313503
0.0032880915437376447,0.17480060935051966
0.006139010099356429,0.23880185482792626
0.006215565782774741,0.18688468851316742
0.0049549710392696586,-0.12992420971350782
0.004954971039269451,0.9250083290778974
0.003691889082841064,-0.020677777547795984
0.0038117960333677245,-0.06271657799776165
0.005331977728760531,0.06112331152552031
0.0053319777287606784,0.4267284287992794
0.004856850857294348,-0.10073446916387496
0.004856850857294348,0.43318343844287455
0.006035021209573348,-0.10508346317919859
0.0037252935454806435,-0.20236603333483316
0.0054727733371663706,-0.22577535494646384
0.006367347720990367,-0.22757734152578024
0.006431834885940267,-0.256143052227749
0.006414253191136207,-0.36789447620211746
0.0037806355285851037,-0.3743782329610639
0.006627781680170251,-0.33646200935437776
0.0045252812067316985,-0.05133541817071574
0.004525281206731913,-0.01488978748890446
0.004163259690434868,-0.1696829655464711
0.004163259690434868,-0.03628646299211624
0.006012049317828241,-0.1922077329149161
0.0033570740236105443,-0.1929904018859503
0.0049380535639054896,-0.06544193395902198
0.005327045428753247,-0.32684379986677925
0.0032580799560477814,-0.016654359510212657
0.0047443807288202675,0.023106071741096912
0.004744380728820059,0.03969765807448056
0.003321096957332212,0.03769020236899934
0.006699001268845797,0.3569546128511689
0.0059214879886731065,0.2809180298206897
0.004934773449713882,0.14997920100249473
0.004754763506211378,0.20147213775199901
0.0034794373108307654,0.21748798647300305
0.004161316378263036,0.26377871824303156
0.004649044848138081,0.29347260286836274
0.004730466784578507,0.31455564859133034
0.0048419574554099095,0.2782992733932872
0.0036618881741528335,0.18835777242376395
0.0037286111355299373,0.1280223488778347
0.0057159430542998565,0.09696854364874241
0.005921073635752307,0.15966048566985336
0.005884772637919023,-0.06636233452842077
0.004108468936233758,-0.15366114984389156
0.005872544422990784,-0.160651547746248
0.006041903094224674,-0.1403997015578966
0.005922757550330677,-0.1385933197276401
0.006002211342497081,-0.08575212718805858
0.004252593091279537,-0.07805958835965043
0.005932309499680615,-0.062293304218968615
0.006138687970568215,-0.03644653837491063
0.005947105598524444,-0.08107470915151538
0.006280286617663281,-0.08577176609341564
0.004532348618542182,-0.1460611692402125
0.0060965840435442935,-0.15050252880645587
0.006449107922806029,-0.12005718751203176
0.005823868130375195,-0.14404502200001446
0.0060040960185527665,-0.10408726853773942
0.004646705714804819,-0.11836941378612664
0.004947684913168909,-0.11739163543368392
0.0055934169342182405,-0.050246273318656165
0.005238590650165512,-0.02932115911180233
0.005731491952362813,-0.5026902133557911
0.0042745802133073735,0.02139639291456774
0.0048081186549419,0.04364731032666924
0.00521269153125335,0.13678015804217836
0.003997293584414207,0.1124262137349632
0.006448066764542721,0.26252671455778653
0.003817525507446252,0.22427385864308036
0.004429450191615138,0.2404057652400624
0.004424099682421223,0.3022605815695627
0.004535641630464125,0.2868305220340943
0.004785446792098001,0.31534497815243867
0.0037223418703819476,0.26397816063747825
0.004861755444281521,0.17100449565552367
0.005528730505278697,0.16630152565650036
0.005495862534670957,0.07814034601172892
0.005784886515741006,0.02368248465377576
0.004482112225279406,-0.06466588984764599
0.004578014635188443,-0.10912737645358561
0.004550528595668867,-0.07909241180764326
0.004550528595668867,0.029154226569474417
0.0065236764174811035,-0.11417599566572534
0.006584265258933627,-0.15267675040692552
0.005016285677670471,-0.23750743301972221
0.006322997153249406,-0.21416569383762862
0.0068042725547995675,-0.20906605538369405
0.006510832281667275,-0.2143471422003671
0.006497483358962747,-0.19185618406204696
0.005041031640448418,-0.22735877132621596
0.006424311947594091,-0.16724370126261334
0.00631401298699944,-0.15716118843911886
0.004890096624812226,-0.1823930785194534
0.007948045357193187,-0.08544809704206813
0.004787279498838541,-0.13270828606486873
0.005907621264096188,-0.07730748592027936
0.0057391880958894866,-0.03754106388395684
0.0057373349213724004,-0.00878039233025163
0.005724650557020877,0.025603386931010164
0.0045987591804746855,0.020904635514433778
0.0054656198184652805,0.07147859414167357
0.005536166995313731,0.11638743175380029
0.005387268324484987,0.09469826305731033
0.005599829461689017,0.10401674035637853
0.004684771072315082,0.05389014948206494
0.005506791897284494,0.03285879782274037
0.005669450061513955,0.02417447100265946
0.00553844346364573,-0.014252846875592695
0.0057721496862087485,-0.024701542376313057
0.005089908938281784,-0.06210029100900272
0.00537905140336083,-0.11121406751805551
0.0058233840677050395,-0.06236243692541166
0.0057523263120235766,-0.023657571923671128
0.005823395658891943,-0.14047824738808856
0.0049717414454093466,-0.027972349339925984
0.0054126103222011165,-0.11648133421046936
0.005412610322201478,0.03076126649688149
0.0053192741046122465,-0.011569345157546707
0.005443912655434432,0.027636372978399493
0.004830079295415548,0.061926629750239215
0.005375273481414585,0.022737708841660265
0.0055067022799493125,0.022635553562238897
0.005565836684632501,-0.08465677853089915
0.005401601244075644,-0.06989535662675905
0.005149599790275111,-0.002264892964362275
0.00578172033221933,-0.03700731376085997
0.005917598330404126,-0.01824311709000881
0.005680452886874382,-0.046852123443109406
0.005822855828543173,-0.04170129107133391
0.0053211247871103665,-0.039314251141490786
0.00568478143819094,-0.10171936402946358
0.005433778151525925,-0.13901417147063455
0.005667636015130031,-0.10232338375178784
0.005796454261011543,-0.07216911457337005
0.005258818213249226,-0.04703941297673708
0.00556135469108016,-0.06181870728431704
0.005604527633975921,-0.027866621703992678
0.005297941581406864,-0.036502419049433854
0.005388083518283619,-0.01018256674916529
0.004830776542130784,0.0064336464777312585
0.0067483717295358635,-0.7300088875502482
0.006070170508313699,-0.42624570424352015
0.0057334262880061404,-0.3579420448956796
0.005570919941984519,-0.32118052688421983
0.0045985771712562205,-0.09284209397146981
0.0055072421410356405,-0.1922287975686885
0.00567051117625218,-0.2162361152314034
0.005727462701755335,-0.40994290514329634
0.005821225042892609,-0.3812056948035263
0.004753710655898362,-0.25617207630511274
0.005538463324785975,-0.3760495387681644
0.005647646323912397,-0.3217737407864405
0.005496395637142412,-0.2556169701525093
0.005415607814456362,-0.2198622310179701
0.004714893211940241,-0.10894830871555428
0.006239977083291368,-0.6598346035783962
0.006259337025596261,-0.40981085503742776
0.0045954012882445374,-0.014670992503745595
0.006837507440581047,-0.015331822150294272
0.004510308636889553,0.01742708627737244
0.0047579067876535085,0.02451351067423957
0.004716307984006058,0.08493413544868389
0.004692378927580211,0.0533422012250071
0.004722803087150819,0.09769682367376475
0.003958843896897108,0.14129282335702698
0.004420636266421388,0.08189297333786527
0.004453477293082279,0.01890209269539156
0.004921008839658776,-0.21560549555221087
0.004945550727674428,-0.25626705202636657
0.0035567261632012217,-0.02057714290729251
0.004589050991217901,-0.19287010837815188
0.004542733208103016,-0.11035110604877474
0.0031982596830150618,0.023413274850675236
0.004290579564580966,-0.12709311622629116
0.004290579564580966,0.15419563342068443
0.003107460216961845,0.10512960041936026
0.003917092033638939,0.12173578775698246
0.00418340829946112,0.15368589679958689
0.005628429354624498,-0.06212772221058316
0.005879367057770836,-0.01888580863192857
0.003320536402450733,0.0736414991030685
0.00434810878428766,0.031765664869645605
0.004616594090885602,0.01542576677027796
0.0039009989746220594,-0.042021870192691324
0.004175417823404076,-0.08343517709715798
